id,target
tensor(1),1
tensor(13),1
tensor(20),1
tensor(21),1
tensor(34),1
tensor(43),1
tensor(48),1
tensor(49),1
tensor(50),1
tensor(52),1
tensor(53),1
tensor(54),1
tensor(58),1
tensor(71),1
tensor(80),1
tensor(87),1
tensor(88),1
tensor(91),1
tensor(99),1
tensor(102),1
tensor(105),1
tensor(106),1
tensor(121),1
tensor(130),1
tensor(134),1
tensor(149),1
tensor(151),1
tensor(160),1
tensor(161),1
tensor(166),1
tensor(169),1
tensor(174),1
tensor(187),1
tensor(188),1
tensor(189),1
tensor(190),1
tensor(191),1
tensor(201),1
tensor(205),1
tensor(214),1
tensor(217),1
tensor(235),1
tensor(241),1
tensor(243),1
tensor(251),1
tensor(252),1
tensor(257),1
tensor(259),1
tensor(263),1
tensor(264),1
tensor(269),1
tensor(270),1
tensor(273),1
tensor(276),1
tensor(293),1
tensor(295),1
tensor(303),1
tensor(306),1
tensor(308),1
tensor(309),1
tensor(313),1
tensor(315),1
tensor(319),1
tensor(328),1
tensor(330),1
tensor(343),1
tensor(344),1
tensor(345),1
tensor(348),1
tensor(350),1
tensor(359),1
tensor(363),1
tensor(369),1
tensor(372),1
tensor(376),1
tensor(378),1
tensor(380),0
tensor(392),0
tensor(399),0
tensor(400),0
tensor(413),0
tensor(422),0
tensor(427),0
tensor(428),0
tensor(429),0
tensor(431),0
tensor(432),0
tensor(433),0
tensor(437),0
tensor(450),0
tensor(459),0
tensor(466),0
tensor(467),0
tensor(470),0
tensor(478),0
tensor(481),0
tensor(484),0
tensor(485),0
tensor(500),0
tensor(509),0
tensor(513),0
tensor(528),0
tensor(530),0
tensor(539),0
tensor(540),0
tensor(545),0
tensor(548),0
tensor(553),0
tensor(566),0
tensor(567),0
tensor(568),0
tensor(569),0
tensor(570),0
tensor(580),0
tensor(584),0
tensor(593),0
tensor(596),0
tensor(614),0
tensor(620),0
tensor(622),0
tensor(630),0
tensor(631),0
tensor(636),0
tensor(638),0
tensor(642),0
tensor(643),0
tensor(648),0
tensor(649),0
tensor(652),0
tensor(655),0
tensor(672),0
tensor(674),0
tensor(682),0
tensor(685),0
tensor(687),0
tensor(688),0
tensor(692),0
tensor(694),0
tensor(698),0
tensor(707),0
tensor(709),0
tensor(722),0
tensor(723),0
tensor(724),0
tensor(727),0
tensor(729),0
tensor(738),0
tensor(742),0
tensor(748),0
tensor(751),0
tensor(755),0
tensor(757),0
tensor(759),1
tensor(771),1
tensor(778),1
tensor(779),1
tensor(792),1
tensor(801),1
tensor(806),1
tensor(807),1
tensor(808),1
tensor(810),1
tensor(811),1
tensor(812),1
tensor(816),1
tensor(829),1
tensor(838),1
tensor(845),1
tensor(846),1
tensor(849),1
tensor(857),1
tensor(860),1
tensor(863),1
tensor(864),1
tensor(879),1
tensor(888),1
tensor(892),1
tensor(907),1
tensor(909),1
tensor(918),1
tensor(919),1
tensor(924),1
tensor(927),1
tensor(932),1
tensor(945),1
tensor(946),1
tensor(947),1
tensor(948),1
tensor(949),1
tensor(959),1
tensor(963),1
tensor(972),1
tensor(975),1
tensor(993),1
tensor(999),1
tensor(1001),1
tensor(1009),1
tensor(1010),1
tensor(1015),1
tensor(1017),1
tensor(1021),1
tensor(1022),1
tensor(1027),1
tensor(1028),1
tensor(1031),1
tensor(1034),1
tensor(1051),1
tensor(1053),1
tensor(1061),1
tensor(1064),1
tensor(1066),1
tensor(1067),1
tensor(1071),1
tensor(1073),1
tensor(1077),1
tensor(1086),1
tensor(1088),1
tensor(1101),1
tensor(1102),1
tensor(1103),1
tensor(1106),1
tensor(1108),1
tensor(1117),1
tensor(1121),1
tensor(1127),1
tensor(1130),1
tensor(1134),1
tensor(1136),1
tensor(1138),1
tensor(1150),1
tensor(1157),1
tensor(1158),1
tensor(1171),1
tensor(1180),1
tensor(1185),1
tensor(1186),1
tensor(1187),1
tensor(1189),1
tensor(1190),1
tensor(1191),1
tensor(1195),1
tensor(1208),1
tensor(1217),1
tensor(1224),1
tensor(1225),1
tensor(1228),1
tensor(1236),1
tensor(1239),1
tensor(1242),1
tensor(1243),1
tensor(1258),1
tensor(1267),1
tensor(1271),1
tensor(1286),1
tensor(1288),1
tensor(1297),1
tensor(1298),1
tensor(1303),1
tensor(1306),1
tensor(1311),1
tensor(1324),1
tensor(1325),1
tensor(1326),1
tensor(1327),1
tensor(1328),1
tensor(1338),1
tensor(1342),1
tensor(1351),1
tensor(1354),1
tensor(1372),1
tensor(1378),1
tensor(1380),1
tensor(1388),1
tensor(1389),1
tensor(1394),1
tensor(1396),1
tensor(1400),1
tensor(1401),1
tensor(1406),1
tensor(1407),1
tensor(1410),1
tensor(1413),1
tensor(1430),1
tensor(1432),1
tensor(1440),1
tensor(1443),1
tensor(1445),1
tensor(1446),1
tensor(1450),1
tensor(1452),1
tensor(1456),1
tensor(1465),1
tensor(1467),1
tensor(1480),1
tensor(1481),1
tensor(1482),1
tensor(1485),1
tensor(1487),1
tensor(1496),1
tensor(1500),1
tensor(1506),1
tensor(1509),1
tensor(1513),1
tensor(1515),1
tensor(1517),1
tensor(1529),1
tensor(1536),1
tensor(1537),1
tensor(1550),1
tensor(1559),1
tensor(1564),1
tensor(1565),1
tensor(1566),1
tensor(1568),1
tensor(1569),1
tensor(1570),1
tensor(1574),1
tensor(1587),1
tensor(1596),1
tensor(1603),1
tensor(1604),1
tensor(1607),1
tensor(1615),1
tensor(1618),1
tensor(1621),1
tensor(1622),1
tensor(1637),1
tensor(1646),1
tensor(1650),1
tensor(1665),1
tensor(1667),1
tensor(1676),1
tensor(1677),1
tensor(1682),1
tensor(1685),1
tensor(1690),1
tensor(1703),1
tensor(1704),1
tensor(1705),1
tensor(1706),1
tensor(1707),1
tensor(1717),1
tensor(1721),1
tensor(1730),1
tensor(1733),1
tensor(1751),1
tensor(1757),1
tensor(1759),1
tensor(1767),1
tensor(1768),1
tensor(1773),1
tensor(1775),1
tensor(1779),1
tensor(1780),1
tensor(1785),1
tensor(1786),1
tensor(1789),1
tensor(1792),1
tensor(1809),1
tensor(1811),1
tensor(1819),1
tensor(1822),1
tensor(1824),1
tensor(1825),1
tensor(1829),1
tensor(1831),1
tensor(1835),1
tensor(1844),1
tensor(1846),1
tensor(1859),1
tensor(1860),1
tensor(1861),1
tensor(1864),1
tensor(1866),1
tensor(1875),1
tensor(1879),1
tensor(1885),1
tensor(1888),1
tensor(1892),1
tensor(1894),1
tensor(1896),0
tensor(1908),0
tensor(1915),0
tensor(1916),0
tensor(1929),0
tensor(1938),0
tensor(1943),0
tensor(1944),0
tensor(1945),0
tensor(1947),0
tensor(1948),0
tensor(1949),0
tensor(1953),0
tensor(1966),0
tensor(1975),0
tensor(1982),0
tensor(1983),0
tensor(1986),0
tensor(1994),0
tensor(1997),0
tensor(2000),0
tensor(2001),0
tensor(2016),0
tensor(2025),0
tensor(2029),0
tensor(2044),0
tensor(2046),0
tensor(2055),0
tensor(2056),0
tensor(2061),0
tensor(2064),0
tensor(2069),0
tensor(2082),0
tensor(2083),0
tensor(2084),0
tensor(2085),0
tensor(2086),0
tensor(2096),0
tensor(2100),0
tensor(2109),0
tensor(2112),0
tensor(2130),0
tensor(2136),0
tensor(2138),0
tensor(2146),0
tensor(2147),0
tensor(2152),0
tensor(2154),0
tensor(2158),0
tensor(2159),0
tensor(2164),0
tensor(2165),0
tensor(2168),0
tensor(2171),0
tensor(2188),0
tensor(2190),0
tensor(2198),0
tensor(2201),0
tensor(2203),0
tensor(2204),0
tensor(2208),0
tensor(2210),0
tensor(2214),0
tensor(2223),0
tensor(2225),0
tensor(2238),0
tensor(2239),0
tensor(2240),0
tensor(2243),0
tensor(2245),0
tensor(2254),0
tensor(2258),0
tensor(2264),0
tensor(2267),0
tensor(2271),0
tensor(2273),0
tensor(2275),0
tensor(2287),0
tensor(2294),0
tensor(2295),0
tensor(2308),0
tensor(2317),0
tensor(2322),0
tensor(2323),0
tensor(2324),0
tensor(2326),0
tensor(2327),0
tensor(2328),0
tensor(2332),0
tensor(2345),0
tensor(2354),0
tensor(2361),0
tensor(2362),0
tensor(2365),0
tensor(2373),0
tensor(2376),0
tensor(2379),0
tensor(2380),0
tensor(2395),0
tensor(2404),0
tensor(2408),0
tensor(2423),0
tensor(2425),0
tensor(2434),0
tensor(2435),0
tensor(2440),0
tensor(2443),0
tensor(2448),0
tensor(2461),0
tensor(2462),0
tensor(2463),0
tensor(2464),0
tensor(2465),0
tensor(2475),0
tensor(2479),0
tensor(2488),0
tensor(2491),0
tensor(2509),0
tensor(2515),0
tensor(2517),0
tensor(2525),0
tensor(2526),0
tensor(2531),0
tensor(2533),0
tensor(2537),0
tensor(2538),0
tensor(2543),0
tensor(2544),0
tensor(2547),0
tensor(2550),0
tensor(2567),0
tensor(2569),0
tensor(2577),0
tensor(2580),0
tensor(2582),0
tensor(2583),0
tensor(2587),0
tensor(2589),0
tensor(2593),0
tensor(2602),0
tensor(2604),0
tensor(2617),0
tensor(2618),0
tensor(2619),0
tensor(2622),0
tensor(2624),0
tensor(2633),0
tensor(2637),0
tensor(2643),0
tensor(2646),0
tensor(2650),0
tensor(2652),0
tensor(2654),0
tensor(2666),0
tensor(2673),0
tensor(2674),0
tensor(2687),0
tensor(2696),0
tensor(2701),0
tensor(2702),0
tensor(2703),0
tensor(2705),0
tensor(2706),0
tensor(2707),0
tensor(2711),0
tensor(2724),0
tensor(2733),0
tensor(2740),0
tensor(2741),0
tensor(2744),0
tensor(2752),0
tensor(2755),0
tensor(2758),0
tensor(2759),0
tensor(2774),0
tensor(2783),0
tensor(2787),0
tensor(2802),0
tensor(2804),0
tensor(2813),0
tensor(2814),0
tensor(2819),0
tensor(2822),0
tensor(2827),0
tensor(2840),0
tensor(2841),0
tensor(2842),0
tensor(2843),0
tensor(2844),0
tensor(2854),0
tensor(2858),0
tensor(2867),0
tensor(2870),0
tensor(2888),0
tensor(2894),0
tensor(2896),0
tensor(2904),0
tensor(2905),0
tensor(2910),0
tensor(2912),0
tensor(2916),0
tensor(2917),0
tensor(2922),0
tensor(2923),0
tensor(2926),0
tensor(2929),0
tensor(2946),0
tensor(2948),0
tensor(2956),0
tensor(2959),0
tensor(2961),0
tensor(2962),0
tensor(2966),0
tensor(2968),0
tensor(2972),0
tensor(2981),0
tensor(2983),0
tensor(2996),0
tensor(2997),0
tensor(2998),0
tensor(3001),0
tensor(3003),0
tensor(3012),0
tensor(3016),0
tensor(3022),0
tensor(3025),0
tensor(3029),0
tensor(3031),0
tensor(3033),1
tensor(3045),1
tensor(3052),1
tensor(3053),1
tensor(3066),1
tensor(3075),1
tensor(3080),1
tensor(3081),1
tensor(3082),1
tensor(3084),1
tensor(3085),1
tensor(3086),1
tensor(3090),1
tensor(3103),1
tensor(3112),1
tensor(3119),1
tensor(3120),1
tensor(3123),1
tensor(3131),1
tensor(3134),1
tensor(3137),1
tensor(3138),1
tensor(3153),1
tensor(3162),1
tensor(3166),1
tensor(3181),1
tensor(3183),1
tensor(3192),1
tensor(3193),1
tensor(3198),1
tensor(3201),1
tensor(3206),1
tensor(3219),1
tensor(3220),1
tensor(3221),1
tensor(3222),1
tensor(3223),1
tensor(3233),1
tensor(3237),1
tensor(3246),1
tensor(3249),1
tensor(3267),1
tensor(3273),1
tensor(3275),1
tensor(3283),1
tensor(3284),1
tensor(3289),1
tensor(3291),1
tensor(3295),1
tensor(3296),1
tensor(3301),1
tensor(3302),1
tensor(3305),1
tensor(3308),1
tensor(3325),1
tensor(3327),1
tensor(3335),1
tensor(3338),1
tensor(3340),1
tensor(3341),1
tensor(3345),1
tensor(3347),1
tensor(3351),1
tensor(3360),1
tensor(3362),1
tensor(3375),1
tensor(3376),1
tensor(3377),1
tensor(3380),1
tensor(3382),1
tensor(3391),1
tensor(3395),1
tensor(3401),1
tensor(3404),1
tensor(3408),1
tensor(3410),1
tensor(3412),1
tensor(3424),1
tensor(3431),1
tensor(3432),1
tensor(3445),1
tensor(3454),1
tensor(3459),1
tensor(3460),1
tensor(3461),1
tensor(3463),1
tensor(3464),1
tensor(3465),1
tensor(3469),1
tensor(3482),1
tensor(3491),1
tensor(3498),1
tensor(3499),1
tensor(3502),1
tensor(3510),1
tensor(3513),1
tensor(3516),1
tensor(3517),1
tensor(3532),1
tensor(3541),1
tensor(3545),1
tensor(3560),1
tensor(3562),1
tensor(3571),1
tensor(3572),1
tensor(3577),1
tensor(3580),1
tensor(3585),1
tensor(3598),1
tensor(3599),1
tensor(3600),1
tensor(3601),1
tensor(3602),1
tensor(3612),1
tensor(3616),1
tensor(3625),1
tensor(3628),1
tensor(3646),1
tensor(3652),1
tensor(3654),1
tensor(3662),1
tensor(3663),1
tensor(3668),1
tensor(3670),1
tensor(3674),1
tensor(3675),1
tensor(3680),1
tensor(3681),1
tensor(3684),1
tensor(3687),1
tensor(3704),1
tensor(3706),1
tensor(3714),1
tensor(3717),1
tensor(3719),1
tensor(3720),1
tensor(3724),1
tensor(3726),1
tensor(3730),1
tensor(3739),1
tensor(3741),1
tensor(3754),1
tensor(3755),1
tensor(3756),1
tensor(3759),1
tensor(3761),1
tensor(3770),1
tensor(3774),1
tensor(3780),1
tensor(3783),1
tensor(3787),1
tensor(3789),1
tensor(3791),0
tensor(3803),0
tensor(3810),0
tensor(3811),0
tensor(3824),0
tensor(3833),0
tensor(3838),0
tensor(3839),0
tensor(3840),0
tensor(3842),0
tensor(3843),0
tensor(3844),0
tensor(3848),0
tensor(3861),0
tensor(3870),0
tensor(3877),0
tensor(3878),0
tensor(3881),0
tensor(3889),0
tensor(3892),0
tensor(3895),0
tensor(3896),0
tensor(3911),0
tensor(3920),0
tensor(3924),0
tensor(3939),0
tensor(3941),0
tensor(3950),0
tensor(3951),0
tensor(3956),0
tensor(3959),0
tensor(3964),0
tensor(3977),0
tensor(3978),0
tensor(3979),0
tensor(3980),0
tensor(3981),0
tensor(3991),0
tensor(3995),0
tensor(4004),0
tensor(4007),0
tensor(4025),0
tensor(4031),0
tensor(4033),0
tensor(4041),0
tensor(4042),0
tensor(4047),0
tensor(4049),0
tensor(4053),0
tensor(4054),0
tensor(4059),0
tensor(4060),0
tensor(4063),0
tensor(4066),0
tensor(4083),0
tensor(4085),0
tensor(4093),0
tensor(4096),0
tensor(4098),0
tensor(4099),0
tensor(4103),0
tensor(4105),0
tensor(4109),0
tensor(4118),0
tensor(4120),0
tensor(4133),0
tensor(4134),0
tensor(4135),0
tensor(4138),0
tensor(4140),0
tensor(4149),0
tensor(4153),0
tensor(4159),0
tensor(4162),0
tensor(4166),0
tensor(4168),0
tensor(4170),1
tensor(4182),1
tensor(4189),1
tensor(4190),1
tensor(4203),1
tensor(4212),1
tensor(4217),1
tensor(4218),1
tensor(4219),1
tensor(4221),1
tensor(4222),1
tensor(4223),1
tensor(4227),1
tensor(4240),1
tensor(4249),1
tensor(4256),1
tensor(4257),1
tensor(4260),1
tensor(4268),1
tensor(4271),1
tensor(4274),1
tensor(4275),1
tensor(4290),1
tensor(4299),1
tensor(4303),1
tensor(4318),1
tensor(4320),1
tensor(4329),1
tensor(4330),1
tensor(4335),1
tensor(4338),1
tensor(4343),1
tensor(4356),1
tensor(4357),1
tensor(4358),1
tensor(4359),1
tensor(4360),1
tensor(4370),1
tensor(4374),1
tensor(4383),1
tensor(4386),1
tensor(4404),1
tensor(4410),1
tensor(4412),1
tensor(4420),1
tensor(4421),1
tensor(4426),1
tensor(4428),1
tensor(4432),1
tensor(4433),1
tensor(4438),1
tensor(4439),1
tensor(4442),1
tensor(4445),1
tensor(4462),1
tensor(4464),1
tensor(4472),1
tensor(4475),1
tensor(4477),1
tensor(4478),1
tensor(4482),1
tensor(4484),1
tensor(4488),1
tensor(4497),1
tensor(4499),1
tensor(4512),1
tensor(4513),1
tensor(4514),1
tensor(4517),1
tensor(4519),1
tensor(4528),1
tensor(4532),1
tensor(4538),1
tensor(4541),1
tensor(4545),1
tensor(4547),1
tensor(4549),1
tensor(4561),1
tensor(4568),1
tensor(4569),1
tensor(4582),1
tensor(4591),1
tensor(4596),1
tensor(4597),1
tensor(4598),1
tensor(4600),1
tensor(4601),1
tensor(4602),1
tensor(4606),1
tensor(4619),1
tensor(4628),1
tensor(4635),1
tensor(4636),1
tensor(4639),1
tensor(4647),1
tensor(4650),1
tensor(4653),1
tensor(4654),1
tensor(4669),1
tensor(4678),1
tensor(4682),1
tensor(4697),1
tensor(4699),1
tensor(4708),1
tensor(4709),1
tensor(4714),1
tensor(4717),1
tensor(4722),1
tensor(4735),1
tensor(4736),1
tensor(4737),1
tensor(4738),1
tensor(4739),1
tensor(4749),1
tensor(4753),1
tensor(4762),1
tensor(4765),1
tensor(4783),1
tensor(4789),1
tensor(4791),1
tensor(4799),1
tensor(4800),1
tensor(4805),1
tensor(4807),1
tensor(4811),1
tensor(4812),1
tensor(4817),1
tensor(4818),1
tensor(4821),1
tensor(4824),1
tensor(4841),1
tensor(4843),1
tensor(4851),1
tensor(4854),1
tensor(4856),1
tensor(4857),1
tensor(4861),1
tensor(4863),1
tensor(4867),1
tensor(4876),1
tensor(4878),1
tensor(4891),1
tensor(4892),1
tensor(4893),1
tensor(4896),1
tensor(4898),1
tensor(4907),1
tensor(4911),1
tensor(4917),1
tensor(4920),1
tensor(4924),1
tensor(4926),1
tensor(4928),1
tensor(4940),1
tensor(4947),1
tensor(4948),1
tensor(4961),1
tensor(4970),1
tensor(4975),1
tensor(4976),1
tensor(4977),1
tensor(4979),1
tensor(4980),1
tensor(4981),1
tensor(4985),1
tensor(4998),1
tensor(5007),1
tensor(5014),1
tensor(5015),1
tensor(5018),1
tensor(5026),1
tensor(5029),1
tensor(5032),1
tensor(5033),1
tensor(5048),1
tensor(5057),1
tensor(5061),1
tensor(5076),1
tensor(5078),1
tensor(5087),1
tensor(5088),1
tensor(5093),1
tensor(5096),1
tensor(5101),1
tensor(5114),1
tensor(5115),1
tensor(5116),1
tensor(5117),1
tensor(5118),1
tensor(5128),1
tensor(5132),1
tensor(5141),1
tensor(5144),1
tensor(5162),1
tensor(5168),1
tensor(5170),1
tensor(5178),1
tensor(5179),1
tensor(5184),1
tensor(5186),1
tensor(5190),1
tensor(5191),1
tensor(5196),1
tensor(5197),1
tensor(5200),1
tensor(5203),1
tensor(5220),1
tensor(5222),1
tensor(5230),1
tensor(5233),1
tensor(5235),1
tensor(5236),1
tensor(5240),1
tensor(5242),1
tensor(5246),1
tensor(5255),1
tensor(5257),1
tensor(5270),1
tensor(5271),1
tensor(5272),1
tensor(5275),1
tensor(5277),1
tensor(5286),1
tensor(5290),1
tensor(5296),1
tensor(5299),1
tensor(5303),1
tensor(5305),1
tensor(5307),0
tensor(5319),0
tensor(5326),0
tensor(5327),0
tensor(5340),0
tensor(5349),0
tensor(5354),0
tensor(5355),0
tensor(5356),0
tensor(5358),0
tensor(5359),0
tensor(5360),0
tensor(5364),0
tensor(5377),0
tensor(5386),0
tensor(5393),0
tensor(5394),0
tensor(5397),0
tensor(5405),0
tensor(5408),0
tensor(5411),0
tensor(5412),0
tensor(5427),0
tensor(5436),0
tensor(5440),0
tensor(5455),0
tensor(5457),0
tensor(5466),0
tensor(5467),0
tensor(5472),0
tensor(5475),0
tensor(5480),0
tensor(5493),0
tensor(5494),0
tensor(5495),0
tensor(5496),0
tensor(5497),0
tensor(5507),0
tensor(5511),0
tensor(5520),0
tensor(5523),0
tensor(5541),0
tensor(5547),0
tensor(5549),0
tensor(5557),0
tensor(5558),0
tensor(5563),0
tensor(5565),0
tensor(5569),0
tensor(5570),0
tensor(5575),0
tensor(5576),0
tensor(5579),0
tensor(5582),0
tensor(5599),0
tensor(5601),0
tensor(5609),0
tensor(5612),0
tensor(5614),0
tensor(5615),0
tensor(5619),0
tensor(5621),0
tensor(5625),0
tensor(5634),0
tensor(5636),0
tensor(5649),0
tensor(5650),0
tensor(5651),0
tensor(5654),0
tensor(5656),0
tensor(5665),0
tensor(5669),0
tensor(5675),0
tensor(5678),0
tensor(5682),0
tensor(5684),0
tensor(5686),0
tensor(5698),0
tensor(5705),0
tensor(5706),0
tensor(5719),0
tensor(5728),0
tensor(5733),0
tensor(5734),0
tensor(5735),0
tensor(5737),0
tensor(5738),0
tensor(5739),0
tensor(5743),0
tensor(5756),0
tensor(5765),0
tensor(5772),0
tensor(5773),0
tensor(5776),0
tensor(5784),0
tensor(5787),0
tensor(5790),0
tensor(5791),0
tensor(5806),0
tensor(5815),0
tensor(5819),0
tensor(5834),0
tensor(5836),0
tensor(5845),0
tensor(5846),0
tensor(5851),0
tensor(5854),0
tensor(5859),0
tensor(5872),0
tensor(5873),0
tensor(5874),0
tensor(5875),0
tensor(5876),0
tensor(5886),0
tensor(5890),0
tensor(5899),0
tensor(5902),0
tensor(5920),0
tensor(5926),0
tensor(5928),0
tensor(5936),0
tensor(5937),0
tensor(5942),0
tensor(5944),0
tensor(5948),0
tensor(5949),0
tensor(5954),0
tensor(5955),0
tensor(5958),0
tensor(5961),0
tensor(5978),0
tensor(5980),0
tensor(5988),0
tensor(5991),0
tensor(5993),0
tensor(5994),0
tensor(5998),0
tensor(6000),0
tensor(6004),0
tensor(6013),0
tensor(6015),0
tensor(6028),0
tensor(6029),0
tensor(6030),0
tensor(6033),0
tensor(6035),0
tensor(6044),0
tensor(6048),0
tensor(6054),0
tensor(6057),0
tensor(6061),0
tensor(6063),0
tensor(6065),1
tensor(6077),1
tensor(6084),1
tensor(6085),1
tensor(6098),1
tensor(6107),1
tensor(6112),1
tensor(6113),1
tensor(6114),1
tensor(6116),1
tensor(6117),1
tensor(6118),1
tensor(6122),1
tensor(6135),1
tensor(6144),1
tensor(6151),1
tensor(6152),1
tensor(6155),1
tensor(6163),1
tensor(6166),1
tensor(6169),1
tensor(6170),1
tensor(6185),1
tensor(6194),1
tensor(6198),1
tensor(6213),1
tensor(6215),1
tensor(6224),1
tensor(6225),1
tensor(6230),1
tensor(6233),1
tensor(6238),1
tensor(6251),1
tensor(6252),1
tensor(6253),1
tensor(6254),1
tensor(6255),1
tensor(6265),1
tensor(6269),1
tensor(6278),1
tensor(6281),1
tensor(6299),1
tensor(6305),1
tensor(6307),1
tensor(6315),1
tensor(6316),1
tensor(6321),1
tensor(6323),1
tensor(6327),1
tensor(6328),1
tensor(6333),1
tensor(6334),1
tensor(6337),1
tensor(6340),1
tensor(6357),1
tensor(6359),1
tensor(6367),1
tensor(6370),1
tensor(6372),1
tensor(6373),1
tensor(6377),1
tensor(6379),1
tensor(6383),1
tensor(6392),1
tensor(6394),1
tensor(6407),1
tensor(6408),1
tensor(6409),1
tensor(6412),1
tensor(6414),1
tensor(6423),1
tensor(6427),1
tensor(6433),1
tensor(6436),1
tensor(6440),1
tensor(6442),1
tensor(6444),0
tensor(6456),0
tensor(6463),0
tensor(6464),0
tensor(6477),0
tensor(6486),0
tensor(6491),0
tensor(6492),0
tensor(6493),0
tensor(6495),0
tensor(6496),0
tensor(6497),0
tensor(6501),0
tensor(6514),0
tensor(6523),0
tensor(6530),0
tensor(6531),0
tensor(6534),0
tensor(6542),0
tensor(6545),0
tensor(6548),0
tensor(6549),0
tensor(6564),0
tensor(6573),0
tensor(6577),0
tensor(6592),0
tensor(6594),0
tensor(6603),0
tensor(6604),0
tensor(6609),0
tensor(6612),0
tensor(6617),0
tensor(6630),0
tensor(6631),0
tensor(6632),0
tensor(6633),0
tensor(6634),0
tensor(6644),0
tensor(6648),0
tensor(6657),0
tensor(6660),0
tensor(6678),0
tensor(6684),0
tensor(6686),0
tensor(6694),0
tensor(6695),0
tensor(6700),0
tensor(6702),0
tensor(6706),0
tensor(6707),0
tensor(6712),0
tensor(6713),0
tensor(6716),0
tensor(6719),0
tensor(6736),0
tensor(6738),0
tensor(6746),0
tensor(6749),0
tensor(6751),0
tensor(6752),0
tensor(6756),0
tensor(6758),0
tensor(6762),0
tensor(6771),0
tensor(6773),0
tensor(6786),0
tensor(6787),0
tensor(6788),0
tensor(6791),0
tensor(6793),0
tensor(6802),0
tensor(6806),0
tensor(6812),0
tensor(6815),0
tensor(6819),0
tensor(6821),0
tensor(6823),1
tensor(6835),1
tensor(6842),1
tensor(6843),1
tensor(6856),1
tensor(6865),1
tensor(6870),1
tensor(6871),1
tensor(6872),1
tensor(6874),1
tensor(6875),1
tensor(6876),1
tensor(6880),1
tensor(6893),1
tensor(6902),1
tensor(6909),1
tensor(6910),1
tensor(6913),1
tensor(6921),1
tensor(6924),1
tensor(6927),1
tensor(6928),1
tensor(6943),1
tensor(6952),1
tensor(6956),1
tensor(6971),1
tensor(6973),1
tensor(6982),1
tensor(6983),1
tensor(6988),1
tensor(6991),1
tensor(6996),1
tensor(7009),1
tensor(7010),1
tensor(7011),1
tensor(7012),1
tensor(7013),1
tensor(7023),1
tensor(7027),1
tensor(7036),1
tensor(7039),1
tensor(7057),1
tensor(7063),1
tensor(7065),1
tensor(7073),1
tensor(7074),1
tensor(7079),1
tensor(7081),1
tensor(7085),1
tensor(7086),1
tensor(7091),1
tensor(7092),1
tensor(7095),1
tensor(7098),1
tensor(7115),1
tensor(7117),1
tensor(7125),1
tensor(7128),1
tensor(7130),1
tensor(7131),1
tensor(7135),1
tensor(7137),1
tensor(7141),1
tensor(7150),1
tensor(7152),1
tensor(7165),1
tensor(7166),1
tensor(7167),1
tensor(7170),1
tensor(7172),1
tensor(7181),1
tensor(7185),1
tensor(7191),1
tensor(7194),1
tensor(7198),1
tensor(7200),1
tensor(7202),1
tensor(7214),1
tensor(7221),1
tensor(7222),1
tensor(7235),1
tensor(7244),1
tensor(7249),1
tensor(7250),1
tensor(7251),1
tensor(7253),1
tensor(7254),1
tensor(7255),1
tensor(7259),1
tensor(7272),1
tensor(7281),1
tensor(7288),1
tensor(7289),1
tensor(7292),1
tensor(7300),1
tensor(7303),1
tensor(7306),1
tensor(7307),1
tensor(7322),1
tensor(7331),1
tensor(7335),1
tensor(7350),1
tensor(7352),1
tensor(7361),1
tensor(7362),1
tensor(7367),1
tensor(7370),1
tensor(7375),1
tensor(7388),1
tensor(7389),1
tensor(7390),1
tensor(7391),1
tensor(7392),1
tensor(7402),1
tensor(7406),1
tensor(7415),1
tensor(7418),1
tensor(7436),1
tensor(7442),1
tensor(7444),1
tensor(7452),1
tensor(7453),1
tensor(7458),1
tensor(7460),1
tensor(7464),1
tensor(7465),1
tensor(7470),1
tensor(7471),1
tensor(7474),1
tensor(7477),1
tensor(7494),1
tensor(7496),1
tensor(7504),1
tensor(7507),1
tensor(7509),1
tensor(7510),1
tensor(7514),1
tensor(7516),1
tensor(7520),1
tensor(7529),1
tensor(7531),1
tensor(7544),1
tensor(7545),1
tensor(7546),1
tensor(7549),1
tensor(7551),1
tensor(7560),1
tensor(7564),1
tensor(7570),1
tensor(7573),1
tensor(7577),1
tensor(7579),1
tensor(7581),0
tensor(7593),0
tensor(7600),0
tensor(7601),0
tensor(7614),0
tensor(7623),0
tensor(7628),0
tensor(7629),0
tensor(7630),0
tensor(7632),0
tensor(7633),0
tensor(7634),0
tensor(7638),0
tensor(7651),0
tensor(7660),0
tensor(7667),0
tensor(7668),0
tensor(7671),0
tensor(7679),0
tensor(7682),0
tensor(7685),0
tensor(7686),0
tensor(7701),0
tensor(7710),0
tensor(7714),0
tensor(7729),0
tensor(7731),0
tensor(7740),0
tensor(7741),0
tensor(7746),0
tensor(7749),0
tensor(7754),0
tensor(7767),0
tensor(7768),0
tensor(7769),0
tensor(7770),0
tensor(7771),0
tensor(7781),0
tensor(7785),0
tensor(7794),0
tensor(7797),0
tensor(7815),0
tensor(7821),0
tensor(7823),0
tensor(7831),0
tensor(7832),0
tensor(7837),0
tensor(7839),0
tensor(7843),0
tensor(7844),0
tensor(7849),0
tensor(7850),0
tensor(7853),0
tensor(7856),0
tensor(7873),0
tensor(7875),0
tensor(7883),0
tensor(7886),0
tensor(7888),0
tensor(7889),0
tensor(7893),0
tensor(7895),0
tensor(7899),0
tensor(7908),0
tensor(7910),0
tensor(7923),0
tensor(7924),0
tensor(7925),0
tensor(7928),0
tensor(7930),0
tensor(7939),0
tensor(7943),0
tensor(7949),0
tensor(7952),0
tensor(7956),0
tensor(7958),0
tensor(7960),0
tensor(7972),0
tensor(7979),0
tensor(7980),0
tensor(7993),0
tensor(8002),0
tensor(8007),0
tensor(8008),0
tensor(8009),0
tensor(8011),0
tensor(8012),0
tensor(8013),0
tensor(8017),0
tensor(8030),0
tensor(8039),0
tensor(8046),0
tensor(8047),0
tensor(8050),0
tensor(8058),0
tensor(8061),0
tensor(8064),0
tensor(8065),0
tensor(8080),0
tensor(8089),0
tensor(8093),0
tensor(8108),0
tensor(8110),0
tensor(8119),0
tensor(8120),0
tensor(8125),0
tensor(8128),0
tensor(8133),0
tensor(8146),0
tensor(8147),0
tensor(8148),0
tensor(8149),0
tensor(8150),0
tensor(8160),0
tensor(8164),0
tensor(8173),0
tensor(8176),0
tensor(8194),0
tensor(8200),0
tensor(8202),0
tensor(8210),0
tensor(8211),0
tensor(8216),0
tensor(8218),0
tensor(8222),0
tensor(8223),0
tensor(8228),0
tensor(8229),0
tensor(8232),0
tensor(8235),0
tensor(8252),0
tensor(8254),0
tensor(8262),0
tensor(8265),0
tensor(8267),0
tensor(8268),0
tensor(8272),0
tensor(8274),0
tensor(8278),0
tensor(8287),0
tensor(8289),0
tensor(8302),0
tensor(8303),0
tensor(8304),0
tensor(8307),0
tensor(8309),0
tensor(8318),0
tensor(8322),0
tensor(8328),0
tensor(8331),0
tensor(8335),0
tensor(8337),0
tensor(8339),0
tensor(8351),0
tensor(8358),0
tensor(8359),0
tensor(8372),0
tensor(8381),0
tensor(8386),0
tensor(8387),0
tensor(8388),0
tensor(8390),0
tensor(8391),0
tensor(8392),0
tensor(8396),0
tensor(8409),0
tensor(8418),0
tensor(8425),0
tensor(8426),0
tensor(8429),0
tensor(8437),0
tensor(8440),0
tensor(8443),0
tensor(8444),0
tensor(8459),0
tensor(8468),0
tensor(8472),0
tensor(8487),0
tensor(8489),0
tensor(8498),0
tensor(8499),0
tensor(8504),0
tensor(8507),0
tensor(8512),0
tensor(8525),0
tensor(8526),0
tensor(8527),0
tensor(8528),0
tensor(8529),0
tensor(8539),0
tensor(8543),0
tensor(8552),0
tensor(8555),0
tensor(8573),0
tensor(8579),0
tensor(8581),0
tensor(8589),0
tensor(8590),0
tensor(8595),0
tensor(8597),0
tensor(8601),0
tensor(8602),0
tensor(8607),0
tensor(8608),0
tensor(8611),0
tensor(8614),0
tensor(8631),0
tensor(8633),0
tensor(8641),0
tensor(8644),0
tensor(8646),0
tensor(8647),0
tensor(8651),0
tensor(8653),0
tensor(8657),0
tensor(8666),0
tensor(8668),0
tensor(8681),0
tensor(8682),0
tensor(8683),0
tensor(8686),0
tensor(8688),0
tensor(8697),0
tensor(8701),0
tensor(8707),0
tensor(8710),0
tensor(8714),0
tensor(8716),0
tensor(8718),1
tensor(8730),1
tensor(8737),1
tensor(8738),1
tensor(8751),1
tensor(8760),1
tensor(8765),1
tensor(8766),1
tensor(8767),1
tensor(8769),1
tensor(8770),1
tensor(8771),1
tensor(8775),1
tensor(8788),1
tensor(8797),1
tensor(8804),1
tensor(8805),1
tensor(8808),1
tensor(8816),1
tensor(8819),1
tensor(8822),1
tensor(8823),1
tensor(8838),1
tensor(8847),1
tensor(8851),1
tensor(8866),1
tensor(8868),1
tensor(8877),1
tensor(8878),1
tensor(8883),1
tensor(8886),1
tensor(8891),1
tensor(8904),1
tensor(8905),1
tensor(8906),1
tensor(8907),1
tensor(8908),1
tensor(8918),1
tensor(8922),1
tensor(8931),1
tensor(8934),1
tensor(8952),1
tensor(8958),1
tensor(8960),1
tensor(8968),1
tensor(8969),1
tensor(8974),1
tensor(8976),1
tensor(8980),1
tensor(8981),1
tensor(8986),1
tensor(8987),1
tensor(8990),1
tensor(8993),1
tensor(9010),1
tensor(9012),1
tensor(9020),1
tensor(9023),1
tensor(9025),1
tensor(9026),1
tensor(9030),1
tensor(9032),1
tensor(9036),1
tensor(9045),1
tensor(9047),1
tensor(9060),1
tensor(9061),1
tensor(9062),1
tensor(9065),1
tensor(9067),1
tensor(9076),1
tensor(9080),1
tensor(9086),1
tensor(9089),1
tensor(9093),1
tensor(9095),1
tensor(9097),1
tensor(9109),1
tensor(9116),1
tensor(9117),1
tensor(9130),1
tensor(9139),1
tensor(9144),1
tensor(9145),1
tensor(9146),1
tensor(9148),1
tensor(9149),1
tensor(9150),1
tensor(9154),1
tensor(9167),1
tensor(9176),1
tensor(9183),1
tensor(9184),1
tensor(9187),1
tensor(9195),1
tensor(9198),1
tensor(9201),1
tensor(9202),1
tensor(9217),1
tensor(9226),1
tensor(9230),1
tensor(9245),1
tensor(9247),1
tensor(9256),1
tensor(9257),1
tensor(9262),1
tensor(9265),1
tensor(9270),1
tensor(9283),1
tensor(9284),1
tensor(9285),1
tensor(9286),1
tensor(9287),1
tensor(9297),1
tensor(9301),1
tensor(9310),1
tensor(9313),1
tensor(9331),1
tensor(9337),1
tensor(9339),1
tensor(9347),1
tensor(9348),1
tensor(9353),1
tensor(9355),1
tensor(9359),1
tensor(9360),1
tensor(9365),1
tensor(9366),1
tensor(9369),1
tensor(9372),1
tensor(9389),1
tensor(9391),1
tensor(9399),1
tensor(9402),1
tensor(9404),1
tensor(9405),1
tensor(9409),1
tensor(9411),1
tensor(9415),1
tensor(9424),1
tensor(9426),1
tensor(9439),1
tensor(9440),1
tensor(9441),1
tensor(9444),1
tensor(9446),1
tensor(9455),1
tensor(9459),1
tensor(9465),1
tensor(9468),1
tensor(9472),1
tensor(9474),1
tensor(9476),1
tensor(9488),1
tensor(9495),1
tensor(9496),1
tensor(9509),1
tensor(9518),1
tensor(9523),1
tensor(9524),1
tensor(9525),1
tensor(9527),1
tensor(9528),1
tensor(9529),1
tensor(9533),1
tensor(9546),1
tensor(9555),1
tensor(9562),1
tensor(9563),1
tensor(9566),1
tensor(9574),1
tensor(9577),1
tensor(9580),1
tensor(9581),1
tensor(9596),1
tensor(9605),1
tensor(9609),1
tensor(9624),1
tensor(9626),1
tensor(9635),1
tensor(9636),1
tensor(9641),1
tensor(9644),1
tensor(9649),1
tensor(9662),1
tensor(9663),1
tensor(9664),1
tensor(9665),1
tensor(9666),1
tensor(9676),1
tensor(9680),1
tensor(9689),1
tensor(9692),1
tensor(9710),1
tensor(9716),1
tensor(9718),1
tensor(9726),1
tensor(9727),1
tensor(9732),1
tensor(9734),1
tensor(9738),1
tensor(9739),1
tensor(9744),1
tensor(9745),1
tensor(9748),1
tensor(9751),1
tensor(9768),1
tensor(9770),1
tensor(9778),1
tensor(9781),1
tensor(9783),1
tensor(9784),1
tensor(9788),1
tensor(9790),1
tensor(9794),1
tensor(9803),1
tensor(9805),1
tensor(9818),1
tensor(9819),1
tensor(9820),1
tensor(9823),1
tensor(9825),1
tensor(9834),1
tensor(9838),1
tensor(9844),1
tensor(9847),1
tensor(9851),1
tensor(9853),1
tensor(9855),0
tensor(9867),0
tensor(9874),0
tensor(9875),0
tensor(9888),0
tensor(9897),0
tensor(9902),0
tensor(9903),0
tensor(9904),0
tensor(9906),0
tensor(9907),0
tensor(9908),0
tensor(9912),0
tensor(9925),0
tensor(9934),0
tensor(9941),0
tensor(9942),0
tensor(9945),0
tensor(9953),0
tensor(9956),0
tensor(9959),0
tensor(9960),0
tensor(9975),0
tensor(9984),0
tensor(9988),0
tensor(10003),0
tensor(10005),0
tensor(10014),0
tensor(10015),0
tensor(10020),0
tensor(10023),0
tensor(10028),0
tensor(10041),0
tensor(10042),0
tensor(10043),0
tensor(10044),0
tensor(10045),0
tensor(10055),0
tensor(10059),0
tensor(10068),0
tensor(10071),0
tensor(10089),0
tensor(10095),0
tensor(10097),0
tensor(10105),0
tensor(10106),0
tensor(10111),0
tensor(10113),0
tensor(10117),0
tensor(10118),0
tensor(10123),0
tensor(10124),0
tensor(10127),0
tensor(10130),0
tensor(10147),0
tensor(10149),0
tensor(10157),0
tensor(10160),0
tensor(10162),0
tensor(10163),0
tensor(10167),0
tensor(10169),0
tensor(10173),0
tensor(10182),0
tensor(10184),0
tensor(10197),0
tensor(10198),0
tensor(10199),0
tensor(10202),0
tensor(10204),0
tensor(10213),0
tensor(10217),0
tensor(10223),0
tensor(10226),0
tensor(10230),0
tensor(10232),0
tensor(10234),1
tensor(10246),1
tensor(10253),1
tensor(10254),1
tensor(10267),1
tensor(10276),1
tensor(10281),1
tensor(10282),1
tensor(10283),1
tensor(10285),1
tensor(10286),1
tensor(10287),1
tensor(10291),1
tensor(10304),1
tensor(10313),1
tensor(10320),1
tensor(10321),1
tensor(10324),1
tensor(10332),1
tensor(10335),1
tensor(10338),1
tensor(10339),1
tensor(10354),1
tensor(10363),1
tensor(10367),1
tensor(10382),1
tensor(10384),1
tensor(10393),1
tensor(10394),1
tensor(10399),1
tensor(10402),1
tensor(10407),1
tensor(10420),1
tensor(10421),1
tensor(10422),1
tensor(10423),1
tensor(10424),1
tensor(10434),1
tensor(10438),1
tensor(10447),1
tensor(10450),1
tensor(10468),1
tensor(10474),1
tensor(10476),1
tensor(10484),1
tensor(10485),1
tensor(10490),1
tensor(10492),1
tensor(10496),1
tensor(10497),1
tensor(10502),1
tensor(10503),1
tensor(10506),1
tensor(10509),1
tensor(10526),1
tensor(10528),1
tensor(10536),1
tensor(10539),1
tensor(10541),1
tensor(10542),1
tensor(10546),1
tensor(10548),1
tensor(10552),1
tensor(10561),1
tensor(10563),1
tensor(10576),1
tensor(10577),1
tensor(10578),1
tensor(10581),1
tensor(10583),1
tensor(10592),1
tensor(10596),1
tensor(10602),1
tensor(10605),1
tensor(10609),1
tensor(10611),1
tensor(10613),0
tensor(10625),0
tensor(10632),0
tensor(10633),0
tensor(10646),0
tensor(10655),0
tensor(10660),0
tensor(10661),0
tensor(10662),0
tensor(10664),0
tensor(10665),0
tensor(10666),0
tensor(10670),0
tensor(10683),0
tensor(10692),0
tensor(10699),0
tensor(10700),0
tensor(10703),0
tensor(10711),0
tensor(10714),0
tensor(10717),0
tensor(10718),0
tensor(10733),0
tensor(10742),0
tensor(10746),0
tensor(10761),0
tensor(10763),0
tensor(10772),0
tensor(10773),0
tensor(10778),0
tensor(10781),0
tensor(10786),0
tensor(10799),0
tensor(10800),0
tensor(10801),0
tensor(10802),0
tensor(10803),0
tensor(10813),0
tensor(10817),0
tensor(10826),0
tensor(10829),0
tensor(10847),0
tensor(10853),0
tensor(10855),0
tensor(10863),0
tensor(10864),0
tensor(10869),0
tensor(10871),0
tensor(10875),0
tensor(10876),0
tensor(10881),0
tensor(10882),0
tensor(10885),0
tensor(10888),0
tensor(10905),0
tensor(10907),0
tensor(10915),0
tensor(10918),0
tensor(10920),0
tensor(10921),0
tensor(10925),0
tensor(10927),0
tensor(10931),0
tensor(10940),0
tensor(10942),0
tensor(10955),0
tensor(10956),0
tensor(10957),0
tensor(10960),0
tensor(10962),0
tensor(10971),0
tensor(10975),0
tensor(10981),0
tensor(10984),0
tensor(10988),0
tensor(10990),0
tensor(10992),1
tensor(11004),1
tensor(11011),1
tensor(11012),1
tensor(11025),1
tensor(11034),1
tensor(11039),1
tensor(11040),1
tensor(11041),1
tensor(11043),1
tensor(11044),1
tensor(11045),1
tensor(11049),1
tensor(11062),1
tensor(11071),1
tensor(11078),1
tensor(11079),1
tensor(11082),1
tensor(11090),1
tensor(11093),1
tensor(11096),1
tensor(11097),1
tensor(11112),1
tensor(11121),1
tensor(11125),1
tensor(11140),1
tensor(11142),1
tensor(11151),1
tensor(11152),1
tensor(11157),1
tensor(11160),1
tensor(11165),1
tensor(11178),1
tensor(11179),1
tensor(11180),1
tensor(11181),1
tensor(11182),1
tensor(11192),1
tensor(11196),1
tensor(11205),1
tensor(11208),1
tensor(11226),1
tensor(11232),1
tensor(11234),1
tensor(11242),1
tensor(11243),1
tensor(11248),1
tensor(11250),1
tensor(11254),1
tensor(11255),1
tensor(11260),1
tensor(11261),1
tensor(11264),1
tensor(11267),1
tensor(11284),1
tensor(11286),1
tensor(11294),1
tensor(11297),1
tensor(11299),1
tensor(11300),1
tensor(11304),1
tensor(11306),1
tensor(11310),1
tensor(11319),1
tensor(11321),1
tensor(11334),1
tensor(11335),1
tensor(11336),1
tensor(11339),1
tensor(11341),1
tensor(11350),1
tensor(11354),1
tensor(11360),1
tensor(11363),1
tensor(11367),1
tensor(11369),1
tensor(11371),1
tensor(11383),1
tensor(11390),1
tensor(11391),1
tensor(11404),1
tensor(11413),1
tensor(11418),1
tensor(11419),1
tensor(11420),1
tensor(11422),1
tensor(11423),1
tensor(11424),1
tensor(11428),1
tensor(11441),1
tensor(11450),1
tensor(11457),1
tensor(11458),1
tensor(11461),1
tensor(11469),1
tensor(11472),1
tensor(11475),1
tensor(11476),1
tensor(11491),1
tensor(11500),1
tensor(11504),1
tensor(11519),1
tensor(11521),1
tensor(11530),1
tensor(11531),1
tensor(11536),1
tensor(11539),1
tensor(11544),1
tensor(11557),1
tensor(11558),1
tensor(11559),1
tensor(11560),1
tensor(11561),1
tensor(11571),1
tensor(11575),1
tensor(11584),1
tensor(11587),1
tensor(11605),1
tensor(11611),1
tensor(11613),1
tensor(11621),1
tensor(11622),1
tensor(11627),1
tensor(11629),1
tensor(11633),1
tensor(11634),1
tensor(11639),1
tensor(11640),1
tensor(11643),1
tensor(11646),1
tensor(11663),1
tensor(11665),1
tensor(11673),1
tensor(11676),1
tensor(11678),1
tensor(11679),1
tensor(11683),1
tensor(11685),1
tensor(11689),1
tensor(11698),1
tensor(11700),1
tensor(11713),1
tensor(11714),1
tensor(11715),1
tensor(11718),1
tensor(11720),1
tensor(11729),1
tensor(11733),1
tensor(11739),1
tensor(11742),1
tensor(11746),1
tensor(11748),1
tensor(11750),0
tensor(11762),0
tensor(11769),0
tensor(11770),0
tensor(11783),0
tensor(11792),0
tensor(11797),0
tensor(11798),0
tensor(11799),0
tensor(11801),0
tensor(11802),0
tensor(11803),0
tensor(11807),0
tensor(11820),0
tensor(11829),0
tensor(11836),0
tensor(11837),0
tensor(11840),0
tensor(11848),0
tensor(11851),0
tensor(11854),0
tensor(11855),0
tensor(11870),0
tensor(11879),0
tensor(11883),0
tensor(11898),0
tensor(11900),0
tensor(11909),0
tensor(11910),0
tensor(11915),0
tensor(11918),0
tensor(11923),0
tensor(11936),0
tensor(11937),0
tensor(11938),0
tensor(11939),0
tensor(11940),0
tensor(11950),0
tensor(11954),0
tensor(11963),0
tensor(11966),0
tensor(11984),0
tensor(11990),0
tensor(11992),0
tensor(12000),0
tensor(12001),0
tensor(12006),0
tensor(12008),0
tensor(12012),0
tensor(12013),0
tensor(12018),0
tensor(12019),0
tensor(12022),0
tensor(12025),0
tensor(12042),0
tensor(12044),0
tensor(12052),0
tensor(12055),0
tensor(12057),0
tensor(12058),0
tensor(12062),0
tensor(12064),0
tensor(12068),0
tensor(12077),0
tensor(12079),0
tensor(12092),0
tensor(12093),0
tensor(12094),0
tensor(12097),0
tensor(12099),0
tensor(12108),0
tensor(12112),0
tensor(12118),0
tensor(12121),0
tensor(12125),0
tensor(12127),0
tensor(12129),1
tensor(12141),1
tensor(12148),1
tensor(12149),1
tensor(12162),1
tensor(12171),1
tensor(12176),1
tensor(12177),1
tensor(12178),1
tensor(12180),1
tensor(12181),1
tensor(12182),1
tensor(12186),1
tensor(12199),1
tensor(12208),1
tensor(12215),1
tensor(12216),1
tensor(12219),1
tensor(12227),1
tensor(12230),1
tensor(12233),1
tensor(12234),1
tensor(12249),1
tensor(12258),1
tensor(12262),1
tensor(12277),1
tensor(12279),1
tensor(12288),1
tensor(12289),1
tensor(12294),1
tensor(12297),1
tensor(12302),1
tensor(12315),1
tensor(12316),1
tensor(12317),1
tensor(12318),1
tensor(12319),1
tensor(12329),1
tensor(12333),1
tensor(12342),1
tensor(12345),1
tensor(12363),1
tensor(12369),1
tensor(12371),1
tensor(12379),1
tensor(12380),1
tensor(12385),1
tensor(12387),1
tensor(12391),1
tensor(12392),1
tensor(12397),1
tensor(12398),1
tensor(12401),1
tensor(12404),1
tensor(12421),1
tensor(12423),1
tensor(12431),1
tensor(12434),1
tensor(12436),1
tensor(12437),1
tensor(12441),1
tensor(12443),1
tensor(12447),1
tensor(12456),1
tensor(12458),1
tensor(12471),1
tensor(12472),1
tensor(12473),1
tensor(12476),1
tensor(12478),1
tensor(12487),1
tensor(12491),1
tensor(12497),1
tensor(12500),1
tensor(12504),1
tensor(12506),1
tensor(12508),0
tensor(12520),0
tensor(12527),0
tensor(12528),0
tensor(12541),0
tensor(12550),0
tensor(12555),0
tensor(12556),0
tensor(12557),0
tensor(12559),0
tensor(12560),0
tensor(12561),0
tensor(12565),0
tensor(12578),0
tensor(12587),0
tensor(12594),0
tensor(12595),0
tensor(12598),0
tensor(12606),0
tensor(12609),0
tensor(12612),0
tensor(12613),0
tensor(12628),0
tensor(12637),0
tensor(12641),0
tensor(12656),0
tensor(12658),0
tensor(12667),0
tensor(12668),0
tensor(12673),0
tensor(12676),0
tensor(12681),0
tensor(12694),0
tensor(12695),0
tensor(12696),0
tensor(12697),0
tensor(12698),0
tensor(12708),0
tensor(12712),0
tensor(12721),0
tensor(12724),0
tensor(12742),0
tensor(12748),0
tensor(12750),0
tensor(12758),0
tensor(12759),0
tensor(12764),0
tensor(12766),0
tensor(12770),0
tensor(12771),0
tensor(12776),0
tensor(12777),0
tensor(12780),0
tensor(12783),0
tensor(12800),0
tensor(12802),0
tensor(12810),0
tensor(12813),0
tensor(12815),0
tensor(12816),0
tensor(12820),0
tensor(12822),0
tensor(12826),0
tensor(12835),0
tensor(12837),0
tensor(12850),0
tensor(12851),0
tensor(12852),0
tensor(12855),0
tensor(12857),0
tensor(12866),0
tensor(12870),0
tensor(12876),0
tensor(12879),0
tensor(12883),0
tensor(12885),0
tensor(12887),1
tensor(12899),1
tensor(12906),1
tensor(12907),1
tensor(12920),1
tensor(12929),1
tensor(12934),1
tensor(12935),1
tensor(12936),1
tensor(12938),1
tensor(12939),1
tensor(12940),1
tensor(12944),1
tensor(12957),1
tensor(12966),1
tensor(12973),1
tensor(12974),1
tensor(12977),1
tensor(12985),1
tensor(12988),1
tensor(12991),1
tensor(12992),1
tensor(13007),1
tensor(13016),1
tensor(13020),1
tensor(13035),1
tensor(13037),1
tensor(13046),1
tensor(13047),1
tensor(13052),1
tensor(13055),1
tensor(13060),1
tensor(13073),1
tensor(13074),1
tensor(13075),1
tensor(13076),1
tensor(13077),1
tensor(13087),1
tensor(13091),1
tensor(13100),1
tensor(13103),1
tensor(13121),1
tensor(13127),1
tensor(13129),1
tensor(13137),1
tensor(13138),1
tensor(13143),1
tensor(13145),1
tensor(13149),1
tensor(13150),1
tensor(13155),1
tensor(13156),1
tensor(13159),1
tensor(13162),1
tensor(13179),1
tensor(13181),1
tensor(13189),1
tensor(13192),1
tensor(13194),1
tensor(13195),1
tensor(13199),1
tensor(13201),1
tensor(13205),1
tensor(13214),1
tensor(13216),1
tensor(13229),1
tensor(13230),1
tensor(13231),1
tensor(13234),1
tensor(13236),1
tensor(13245),1
tensor(13249),1
tensor(13255),1
tensor(13258),1
tensor(13262),1
tensor(13264),1
tensor(13266),1
tensor(13278),1
tensor(13285),1
tensor(13286),1
tensor(13299),1
tensor(13308),1
tensor(13313),1
tensor(13314),1
tensor(13315),1
tensor(13317),1
tensor(13318),1
tensor(13319),1
tensor(13323),1
tensor(13336),1
tensor(13345),1
tensor(13352),1
tensor(13353),1
tensor(13356),1
tensor(13364),1
tensor(13367),1
tensor(13370),1
tensor(13371),1
tensor(13386),1
tensor(13395),1
tensor(13399),1
tensor(13414),1
tensor(13416),1
tensor(13425),1
tensor(13426),1
tensor(13431),1
tensor(13434),1
tensor(13439),1
tensor(13452),1
tensor(13453),1
tensor(13454),1
tensor(13455),1
tensor(13456),1
tensor(13466),1
tensor(13470),1
tensor(13479),1
tensor(13482),1
tensor(13500),1
tensor(13506),1
tensor(13508),1
tensor(13516),1
tensor(13517),1
tensor(13522),1
tensor(13524),1
tensor(13528),1
tensor(13529),1
tensor(13534),1
tensor(13535),1
tensor(13538),1
tensor(13541),1
tensor(13558),1
tensor(13560),1
tensor(13568),1
tensor(13571),1
tensor(13573),1
tensor(13574),1
tensor(13578),1
tensor(13580),1
tensor(13584),1
tensor(13593),1
tensor(13595),1
tensor(13608),1
tensor(13609),1
tensor(13610),1
tensor(13613),1
tensor(13615),1
tensor(13624),1
tensor(13628),1
tensor(13634),1
tensor(13637),1
tensor(13641),1
tensor(13643),1
tensor(13645),0
tensor(13657),0
tensor(13664),0
tensor(13665),0
tensor(13678),0
tensor(13687),0
tensor(13692),0
tensor(13693),0
tensor(13694),0
tensor(13696),0
tensor(13697),0
tensor(13698),0
tensor(13702),0
tensor(13715),0
tensor(13724),0
tensor(13731),0
tensor(13732),0
tensor(13735),0
tensor(13743),0
tensor(13746),0
tensor(13749),0
tensor(13750),0
tensor(13765),0
tensor(13774),0
tensor(13778),0
tensor(13793),0
tensor(13795),0
tensor(13804),0
tensor(13805),0
tensor(13810),0
tensor(13813),0
tensor(13818),0
tensor(13831),0
tensor(13832),0
tensor(13833),0
tensor(13834),0
tensor(13835),0
tensor(13845),0
tensor(13849),0
tensor(13858),0
tensor(13861),0
tensor(13879),0
tensor(13885),0
tensor(13887),0
tensor(13895),0
tensor(13896),0
tensor(13901),0
tensor(13903),0
tensor(13907),0
tensor(13908),0
tensor(13913),0
tensor(13914),0
tensor(13917),0
tensor(13920),0
tensor(13937),0
tensor(13939),0
tensor(13947),0
tensor(13950),0
tensor(13952),0
tensor(13953),0
tensor(13957),0
tensor(13959),0
tensor(13963),0
tensor(13972),0
tensor(13974),0
tensor(13987),0
tensor(13988),0
tensor(13989),0
tensor(13992),0
tensor(13994),0
tensor(14003),0
tensor(14007),0
tensor(14013),0
tensor(14016),0
tensor(14020),0
tensor(14022),0
tensor(14024),1
tensor(14036),1
tensor(14043),1
tensor(14044),1
tensor(14057),1
tensor(14066),1
tensor(14071),1
tensor(14072),1
tensor(14073),1
tensor(14075),1
tensor(14076),1
tensor(14077),1
tensor(14081),1
tensor(14094),1
tensor(14103),1
tensor(14110),1
tensor(14111),1
tensor(14114),1
tensor(14122),1
tensor(14125),1
tensor(14128),1
tensor(14129),1
tensor(14144),1
tensor(14153),1
tensor(14157),1
tensor(14172),1
tensor(14174),1
tensor(14183),1
tensor(14184),1
tensor(14189),1
tensor(14192),1
tensor(14197),1
tensor(14210),1
tensor(14211),1
tensor(14212),1
tensor(14213),1
tensor(14214),1
tensor(14224),1
tensor(14228),1
tensor(14237),1
tensor(14240),1
tensor(14258),1
tensor(14264),1
tensor(14266),1
tensor(14274),1
tensor(14275),1
tensor(14280),1
tensor(14282),1
tensor(14286),1
tensor(14287),1
tensor(14292),1
tensor(14293),1
tensor(14296),1
tensor(14299),1
tensor(14316),1
tensor(14318),1
tensor(14326),1
tensor(14329),1
tensor(14331),1
tensor(14332),1
tensor(14336),1
tensor(14338),1
tensor(14342),1
tensor(14351),1
tensor(14353),1
tensor(14366),1
tensor(14367),1
tensor(14368),1
tensor(14371),1
tensor(14373),1
tensor(14382),1
tensor(14386),1
tensor(14392),1
tensor(14395),1
tensor(14399),1
tensor(14401),1
tensor(14403),0
tensor(14415),0
tensor(14422),0
tensor(14423),0
tensor(14436),0
tensor(14445),0
tensor(14450),0
tensor(14451),0
tensor(14452),0
tensor(14454),0
tensor(14455),0
tensor(14456),0
tensor(14460),0
tensor(14473),0
tensor(14482),0
tensor(14489),0
tensor(14490),0
tensor(14493),0
tensor(14501),0
tensor(14504),0
tensor(14507),0
tensor(14508),0
tensor(14523),0
tensor(14532),0
tensor(14536),0
tensor(14551),0
tensor(14553),0
tensor(14562),0
tensor(14563),0
tensor(14568),0
tensor(14571),0
tensor(14576),0
tensor(14589),0
tensor(14590),0
tensor(14591),0
tensor(14592),0
tensor(14593),0
tensor(14603),0
tensor(14607),0
tensor(14616),0
tensor(14619),0
tensor(14637),0
tensor(14643),0
tensor(14645),0
tensor(14653),0
tensor(14654),0
tensor(14659),0
tensor(14661),0
tensor(14665),0
tensor(14666),0
tensor(14671),0
tensor(14672),0
tensor(14675),0
tensor(14678),0
tensor(14695),0
tensor(14697),0
tensor(14705),0
tensor(14708),0
tensor(14710),0
tensor(14711),0
tensor(14715),0
tensor(14717),0
tensor(14721),0
tensor(14730),0
tensor(14732),0
tensor(14745),0
tensor(14746),0
tensor(14747),0
tensor(14750),0
tensor(14752),0
tensor(14761),0
tensor(14765),0
tensor(14771),0
tensor(14774),0
tensor(14778),0
tensor(14780),0
tensor(14782),1
tensor(14794),1
tensor(14801),1
tensor(14802),1
tensor(14815),1
tensor(14824),1
tensor(14829),1
tensor(14830),1
tensor(14831),1
tensor(14833),1
tensor(14834),1
tensor(14835),1
tensor(14839),1
tensor(14852),1
tensor(14861),1
tensor(14868),1
tensor(14869),1
tensor(14872),1
tensor(14880),1
tensor(14883),1
tensor(14886),1
tensor(14887),1
tensor(14902),1
tensor(14911),1
tensor(14915),1
tensor(14930),1
tensor(14932),1
tensor(14941),1
tensor(14942),1
tensor(14947),1
tensor(14950),1
tensor(14955),1
tensor(14968),1
tensor(14969),1
tensor(14970),1
tensor(14971),1
tensor(14972),1
tensor(14982),1
tensor(14986),1
tensor(14995),1
tensor(14998),1
tensor(15016),1
tensor(15022),1
tensor(15024),1
tensor(15032),1
tensor(15033),1
tensor(15038),1
tensor(15040),1
tensor(15044),1
tensor(15045),1
tensor(15050),1
tensor(15051),1
tensor(15054),1
tensor(15057),1
tensor(15074),1
tensor(15076),1
tensor(15084),1
tensor(15087),1
tensor(15089),1
tensor(15090),1
tensor(15094),1
tensor(15096),1
tensor(15100),1
tensor(15109),1
tensor(15111),1
tensor(15124),1
tensor(15125),1
tensor(15126),1
tensor(15129),1
tensor(15131),1
tensor(15140),1
tensor(15144),1
tensor(15150),1
tensor(15153),1
tensor(15157),1
tensor(15159),1
tensor(15161),0
tensor(15173),0
tensor(15180),0
tensor(15181),0
tensor(15194),0
tensor(15203),0
tensor(15208),0
tensor(15209),0
tensor(15210),0
tensor(15212),0
tensor(15213),0
tensor(15214),0
tensor(15218),0
tensor(15231),0
tensor(15240),0
tensor(15247),0
tensor(15248),0
tensor(15251),0
tensor(15259),0
tensor(15262),0
tensor(15265),0
tensor(15266),0
tensor(15281),0
tensor(15290),0
tensor(15294),0
tensor(15309),0
tensor(15311),0
tensor(15320),0
tensor(15321),0
tensor(15326),0
tensor(15329),0
tensor(15334),0
tensor(15347),0
tensor(15348),0
tensor(15349),0
tensor(15350),0
tensor(15351),0
tensor(15361),0
tensor(15365),0
tensor(15374),0
tensor(15377),0
tensor(15395),0
tensor(15401),0
tensor(15403),0
tensor(15411),0
tensor(15412),0
tensor(15417),0
tensor(15419),0
tensor(15423),0
tensor(15424),0
tensor(15429),0
tensor(15430),0
tensor(15433),0
tensor(15436),0
tensor(15453),0
tensor(15455),0
tensor(15463),0
tensor(15466),0
tensor(15468),0
tensor(15469),0
tensor(15473),0
tensor(15475),0
tensor(15479),0
tensor(15488),0
tensor(15490),0
tensor(15503),0
tensor(15504),0
tensor(15505),0
tensor(15508),0
tensor(15510),0
tensor(15519),0
tensor(15523),0
tensor(15529),0
tensor(15532),0
tensor(15536),0
tensor(15538),0
tensor(15540),0
tensor(15552),0
tensor(15559),0
tensor(15560),0
tensor(15573),0
tensor(15582),0
tensor(15587),0
tensor(15588),0
tensor(15589),0
tensor(15591),0
tensor(15592),0
tensor(15593),0
tensor(15597),0
tensor(15610),0
tensor(15619),0
tensor(15626),0
tensor(15627),0
tensor(15630),0
tensor(15638),0
tensor(15641),0
tensor(15644),0
tensor(15645),0
tensor(15660),0
tensor(15669),0
tensor(15673),0
tensor(15688),0
tensor(15690),0
tensor(15699),0
tensor(15700),0
tensor(15705),0
tensor(15708),0
tensor(15713),0
tensor(15726),0
tensor(15727),0
tensor(15728),0
tensor(15729),0
tensor(15730),0
tensor(15740),0
tensor(15744),0
tensor(15753),0
tensor(15756),0
tensor(15774),0
tensor(15780),0
tensor(15782),0
tensor(15790),0
tensor(15791),0
tensor(15796),0
tensor(15798),0
tensor(15802),0
tensor(15803),0
tensor(15808),0
tensor(15809),0
tensor(15812),0
tensor(15815),0
tensor(15832),0
tensor(15834),0
tensor(15842),0
tensor(15845),0
tensor(15847),0
tensor(15848),0
tensor(15852),0
tensor(15854),0
tensor(15858),0
tensor(15867),0
tensor(15869),0
tensor(15882),0
tensor(15883),0
tensor(15884),0
tensor(15887),0
tensor(15889),0
tensor(15898),0
tensor(15902),0
tensor(15908),0
tensor(15911),0
tensor(15915),0
tensor(15917),0
tensor(15919),0
tensor(15931),0
tensor(15938),0
tensor(15939),0
tensor(15952),0
tensor(15961),0
tensor(15966),0
tensor(15967),0
tensor(15968),0
tensor(15970),0
tensor(15971),0
tensor(15972),0
tensor(15976),0
tensor(15989),0
tensor(15998),0
tensor(16005),0
tensor(16006),0
tensor(16009),0
tensor(16017),0
tensor(16020),0
tensor(16023),0
tensor(16024),0
tensor(16039),0
tensor(16048),0
tensor(16052),0
tensor(16067),0
tensor(16069),0
tensor(16078),0
tensor(16079),0
tensor(16084),0
tensor(16087),0
tensor(16092),0
tensor(16105),0
tensor(16106),0
tensor(16107),0
tensor(16108),0
tensor(16109),0
tensor(16119),0
tensor(16123),0
tensor(16132),0
tensor(16135),0
tensor(16153),0
tensor(16159),0
tensor(16161),0
tensor(16169),0
tensor(16170),0
tensor(16175),0
tensor(16177),0
tensor(16181),0
tensor(16182),0
tensor(16187),0
tensor(16188),0
tensor(16191),0
tensor(16194),0
tensor(16211),0
tensor(16213),0
tensor(16221),0
tensor(16224),0
tensor(16226),0
tensor(16227),0
tensor(16231),0
tensor(16233),0
tensor(16237),0
tensor(16246),0
tensor(16248),0
tensor(16261),0
tensor(16262),0
tensor(16263),0
tensor(16266),0
tensor(16268),0
tensor(16277),0
tensor(16281),0
tensor(16287),0
tensor(16290),0
tensor(16294),0
tensor(16296),0
tensor(16298),1
tensor(16310),1
tensor(16317),1
tensor(16318),1
tensor(16331),1
tensor(16340),1
tensor(16345),1
tensor(16346),1
tensor(16347),1
tensor(16349),1
tensor(16350),1
tensor(16351),1
tensor(16355),1
tensor(16368),1
tensor(16377),1
tensor(16384),1
tensor(16385),1
tensor(16388),1
tensor(16396),1
tensor(16399),1
tensor(16402),1
tensor(16403),1
tensor(16418),1
tensor(16427),1
tensor(16431),1
tensor(16446),1
tensor(16448),1
tensor(16457),1
tensor(16458),1
tensor(16463),1
tensor(16466),1
tensor(16471),1
tensor(16484),1
tensor(16485),1
tensor(16486),1
tensor(16487),1
tensor(16488),1
tensor(16498),1
tensor(16502),1
tensor(16511),1
tensor(16514),1
tensor(16532),1
tensor(16538),1
tensor(16540),1
tensor(16548),1
tensor(16549),1
tensor(16554),1
tensor(16556),1
tensor(16560),1
tensor(16561),1
tensor(16566),1
tensor(16567),1
tensor(16570),1
tensor(16573),1
tensor(16590),1
tensor(16592),1
tensor(16600),1
tensor(16603),1
tensor(16605),1
tensor(16606),1
tensor(16610),1
tensor(16612),1
tensor(16616),1
tensor(16625),1
tensor(16627),1
tensor(16640),1
tensor(16641),1
tensor(16642),1
tensor(16645),1
tensor(16647),1
tensor(16656),1
tensor(16660),1
tensor(16666),1
tensor(16669),1
tensor(16673),1
tensor(16675),1
tensor(16677),1
tensor(16689),1
tensor(16696),1
tensor(16697),1
tensor(16710),1
tensor(16719),1
tensor(16724),1
tensor(16725),1
tensor(16726),1
tensor(16728),1
tensor(16729),1
tensor(16730),1
tensor(16734),1
tensor(16747),1
tensor(16756),1
tensor(16763),1
tensor(16764),1
tensor(16767),1
tensor(16775),1
tensor(16778),1
tensor(16781),1
tensor(16782),1
tensor(16797),1
tensor(16806),1
tensor(16810),1
tensor(16825),1
tensor(16827),1
tensor(16836),1
tensor(16837),1
tensor(16842),1
tensor(16845),1
tensor(16850),1
tensor(16863),1
tensor(16864),1
tensor(16865),1
tensor(16866),1
tensor(16867),1
tensor(16877),1
tensor(16881),1
tensor(16890),1
tensor(16893),1
tensor(16911),1
tensor(16917),1
tensor(16919),1
tensor(16927),1
tensor(16928),1
tensor(16933),1
tensor(16935),1
tensor(16939),1
tensor(16940),1
tensor(16945),1
tensor(16946),1
tensor(16949),1
tensor(16952),1
tensor(16969),1
tensor(16971),1
tensor(16979),1
tensor(16982),1
tensor(16984),1
tensor(16985),1
tensor(16989),1
tensor(16991),1
tensor(16995),1
tensor(17004),1
tensor(17006),1
tensor(17019),1
tensor(17020),1
tensor(17021),1
tensor(17024),1
tensor(17026),1
tensor(17035),1
tensor(17039),1
tensor(17045),1
tensor(17048),1
tensor(17052),1
tensor(17054),1
tensor(17056),1
tensor(17068),1
tensor(17075),1
tensor(17076),1
tensor(17089),1
tensor(17098),1
tensor(17103),1
tensor(17104),1
tensor(17105),1
tensor(17107),1
tensor(17108),1
tensor(17109),1
tensor(17113),1
tensor(17126),1
tensor(17135),1
tensor(17142),1
tensor(17143),1
tensor(17146),1
tensor(17154),1
tensor(17157),1
tensor(17160),1
tensor(17161),1
tensor(17176),1
tensor(17185),1
tensor(17189),1
tensor(17204),1
tensor(17206),1
tensor(17215),1
tensor(17216),1
tensor(17221),1
tensor(17224),1
tensor(17229),1
tensor(17242),1
tensor(17243),1
tensor(17244),1
tensor(17245),1
tensor(17246),1
tensor(17256),1
tensor(17260),1
tensor(17269),1
tensor(17272),1
tensor(17290),1
tensor(17296),1
tensor(17298),1
tensor(17306),1
tensor(17307),1
tensor(17312),1
tensor(17314),1
tensor(17318),1
tensor(17319),1
tensor(17324),1
tensor(17325),1
tensor(17328),1
tensor(17331),1
tensor(17348),1
tensor(17350),1
tensor(17358),1
tensor(17361),1
tensor(17363),1
tensor(17364),1
tensor(17368),1
tensor(17370),1
tensor(17374),1
tensor(17383),1
tensor(17385),1
tensor(17398),1
tensor(17399),1
tensor(17400),1
tensor(17403),1
tensor(17405),1
tensor(17414),1
tensor(17418),1
tensor(17424),1
tensor(17427),1
tensor(17431),1
tensor(17433),1
tensor(17435),0
tensor(17447),0
tensor(17454),0
tensor(17455),0
tensor(17468),0
tensor(17477),0
tensor(17482),0
tensor(17483),0
tensor(17484),0
tensor(17486),0
tensor(17487),0
tensor(17488),0
tensor(17492),0
tensor(17505),0
tensor(17514),0
tensor(17521),0
tensor(17522),0
tensor(17525),0
tensor(17533),0
tensor(17536),0
tensor(17539),0
tensor(17540),0
tensor(17555),0
tensor(17564),0
tensor(17568),0
tensor(17583),0
tensor(17585),0
tensor(17594),0
tensor(17595),0
tensor(17600),0
tensor(17603),0
tensor(17608),0
tensor(17621),0
tensor(17622),0
tensor(17623),0
tensor(17624),0
tensor(17625),0
tensor(17635),0
tensor(17639),0
tensor(17648),0
tensor(17651),0
tensor(17669),0
tensor(17675),0
tensor(17677),0
tensor(17685),0
tensor(17686),0
tensor(17691),0
tensor(17693),0
tensor(17697),0
tensor(17698),0
tensor(17703),0
tensor(17704),0
tensor(17707),0
tensor(17710),0
tensor(17727),0
tensor(17729),0
tensor(17737),0
tensor(17740),0
tensor(17742),0
tensor(17743),0
tensor(17747),0
tensor(17749),0
tensor(17753),0
tensor(17762),0
tensor(17764),0
tensor(17777),0
tensor(17778),0
tensor(17779),0
tensor(17782),0
tensor(17784),0
tensor(17793),0
tensor(17797),0
tensor(17803),0
tensor(17806),0
tensor(17810),0
tensor(17812),0
tensor(17814),1
tensor(17826),1
tensor(17833),1
tensor(17834),1
tensor(17847),1
tensor(17856),1
tensor(17861),1
tensor(17862),1
tensor(17863),1
tensor(17865),1
tensor(17866),1
tensor(17867),1
tensor(17871),1
tensor(17884),1
tensor(17893),1
tensor(17900),1
tensor(17901),1
tensor(17904),1
tensor(17912),1
tensor(17915),1
tensor(17918),1
tensor(17919),1
tensor(17934),1
tensor(17943),1
tensor(17947),1
tensor(17962),1
tensor(17964),1
tensor(17973),1
tensor(17974),1
tensor(17979),1
tensor(17982),1
tensor(17987),1
tensor(18000),1
tensor(18001),1
tensor(18002),1
tensor(18003),1
tensor(18004),1
tensor(18014),1
tensor(18018),1
tensor(18027),1
tensor(18030),1
tensor(18048),1
tensor(18054),1
tensor(18056),1
tensor(18064),1
tensor(18065),1
tensor(18070),1
tensor(18072),1
tensor(18076),1
tensor(18077),1
tensor(18082),1
tensor(18083),1
tensor(18086),1
tensor(18089),1
tensor(18106),1
tensor(18108),1
tensor(18116),1
tensor(18119),1
tensor(18121),1
tensor(18122),1
tensor(18126),1
tensor(18128),1
tensor(18132),1
tensor(18141),1
tensor(18143),1
tensor(18156),1
tensor(18157),1
tensor(18158),1
tensor(18161),1
tensor(18163),1
tensor(18172),1
tensor(18176),1
tensor(18182),1
tensor(18185),1
tensor(18189),1
tensor(18191),1
tensor(18193),0
tensor(18205),0
tensor(18212),0
tensor(18213),0
tensor(18226),0
tensor(18235),0
tensor(18240),0
tensor(18241),0
tensor(18242),0
tensor(18244),0
tensor(18245),0
tensor(18246),0
tensor(18250),0
tensor(18263),0
tensor(18272),0
tensor(18279),0
tensor(18280),0
tensor(18283),0
tensor(18291),0
tensor(18294),0
tensor(18297),0
tensor(18298),0
tensor(18313),0
tensor(18322),0
tensor(18326),0
tensor(18341),0
tensor(18343),0
tensor(18352),0
tensor(18353),0
tensor(18358),0
tensor(18361),0
tensor(18366),0
tensor(18379),0
tensor(18380),0
tensor(18381),0
tensor(18382),0
tensor(18383),0
tensor(18393),0
tensor(18397),0
tensor(18406),0
tensor(18409),0
tensor(18427),0
tensor(18433),0
tensor(18435),0
tensor(18443),0
tensor(18444),0
tensor(18449),0
tensor(18451),0
tensor(18455),0
tensor(18456),0
tensor(18461),0
tensor(18462),0
tensor(18465),0
tensor(18468),0
tensor(18485),0
tensor(18487),0
tensor(18495),0
tensor(18498),0
tensor(18500),0
tensor(18501),0
tensor(18505),0
tensor(18507),0
tensor(18511),0
tensor(18520),0
tensor(18522),0
tensor(18535),0
tensor(18536),0
tensor(18537),0
tensor(18540),0
tensor(18542),0
tensor(18551),0
tensor(18555),0
tensor(18561),0
tensor(18564),0
tensor(18568),0
tensor(18570),0
tensor(18572),1
tensor(18584),1
tensor(18591),1
tensor(18592),1
tensor(18605),1
tensor(18614),1
tensor(18619),1
tensor(18620),1
tensor(18621),1
tensor(18623),1
tensor(18624),1
tensor(18625),1
tensor(18629),1
tensor(18642),1
tensor(18651),1
tensor(18658),1
tensor(18659),1
tensor(18662),1
tensor(18670),1
tensor(18673),1
tensor(18676),1
tensor(18677),1
tensor(18692),1
tensor(18701),1
tensor(18705),1
tensor(18720),1
tensor(18722),1
tensor(18731),1
tensor(18732),1
tensor(18737),1
tensor(18740),1
tensor(18745),1
tensor(18758),1
tensor(18759),1
tensor(18760),1
tensor(18761),1
tensor(18762),1
tensor(18772),1
tensor(18776),1
tensor(18785),1
tensor(18788),1
tensor(18806),1
tensor(18812),1
tensor(18814),1
tensor(18822),1
tensor(18823),1
tensor(18828),1
tensor(18830),1
tensor(18834),1
tensor(18835),1
tensor(18840),1
tensor(18841),1
tensor(18844),1
tensor(18847),1
tensor(18864),1
tensor(18866),1
tensor(18874),1
tensor(18877),1
tensor(18879),1
tensor(18880),1
tensor(18884),1
tensor(18886),1
tensor(18890),1
tensor(18899),1
tensor(18901),1
tensor(18914),1
tensor(18915),1
tensor(18916),1
tensor(18919),1
tensor(18921),1
tensor(18930),1
tensor(18934),1
tensor(18940),1
tensor(18943),1
tensor(18947),1
tensor(18949),1
tensor(18951),1
tensor(18963),1
tensor(18970),1
tensor(18971),1
tensor(18984),1
tensor(18993),1
tensor(18998),1
tensor(18999),1
tensor(19000),1
tensor(19002),1
tensor(19003),1
tensor(19004),1
tensor(19008),1
tensor(19021),1
tensor(19030),1
tensor(19037),1
tensor(19038),1
tensor(19041),1
tensor(19049),1
tensor(19052),1
tensor(19055),1
tensor(19056),1
tensor(19071),1
tensor(19080),1
tensor(19084),1
tensor(19099),1
tensor(19101),1
tensor(19110),1
tensor(19111),1
tensor(19116),1
tensor(19119),1
tensor(19124),1
tensor(19137),1
tensor(19138),1
tensor(19139),1
tensor(19140),1
tensor(19141),1
tensor(19151),1
tensor(19155),1
tensor(19164),1
tensor(19167),1
tensor(19185),1
tensor(19191),1
tensor(19193),1
tensor(19201),1
tensor(19202),1
tensor(19207),1
tensor(19209),1
tensor(19213),1
tensor(19214),1
tensor(19219),1
tensor(19220),1
tensor(19223),1
tensor(19226),1
tensor(19243),1
tensor(19245),1
tensor(19253),1
tensor(19256),1
tensor(19258),1
tensor(19259),1
tensor(19263),1
tensor(19265),1
tensor(19269),1
tensor(19278),1
tensor(19280),1
tensor(19293),1
tensor(19294),1
tensor(19295),1
tensor(19298),1
tensor(19300),1
tensor(19309),1
tensor(19313),1
tensor(19319),1
tensor(19322),1
tensor(19326),1
tensor(19328),1
tensor(19330),1
tensor(19342),1
tensor(19349),1
tensor(19350),1
tensor(19363),1
tensor(19372),1
tensor(19377),1
tensor(19378),1
tensor(19379),1
tensor(19381),1
tensor(19382),1
tensor(19383),1
tensor(19387),1
tensor(19400),1
tensor(19409),1
tensor(19416),1
tensor(19417),1
tensor(19420),1
tensor(19428),1
tensor(19431),1
tensor(19434),1
tensor(19435),1
tensor(19450),1
tensor(19459),1
tensor(19463),1
tensor(19478),1
tensor(19480),1
tensor(19489),1
tensor(19490),1
tensor(19495),1
tensor(19498),1
tensor(19503),1
tensor(19516),1
tensor(19517),1
tensor(19518),1
tensor(19519),1
tensor(19520),1
tensor(19530),1
tensor(19534),1
tensor(19543),1
tensor(19546),1
tensor(19564),1
tensor(19570),1
tensor(19572),1
tensor(19580),1
tensor(19581),1
tensor(19586),1
tensor(19588),1
tensor(19592),1
tensor(19593),1
tensor(19598),1
tensor(19599),1
tensor(19602),1
tensor(19605),1
tensor(19622),1
tensor(19624),1
tensor(19632),1
tensor(19635),1
tensor(19637),1
tensor(19638),1
tensor(19642),1
tensor(19644),1
tensor(19648),1
tensor(19657),1
tensor(19659),1
tensor(19672),1
tensor(19673),1
tensor(19674),1
tensor(19677),1
tensor(19679),1
tensor(19688),1
tensor(19692),1
tensor(19698),1
tensor(19701),1
tensor(19705),1
tensor(19707),1
tensor(19709),1
tensor(19721),1
tensor(19728),1
tensor(19729),1
tensor(19742),1
tensor(19751),1
tensor(19756),1
tensor(19757),1
tensor(19758),1
tensor(19760),1
tensor(19761),1
tensor(19762),1
tensor(19766),1
tensor(19779),1
tensor(19788),1
tensor(19795),1
tensor(19796),1
tensor(19799),1
tensor(19807),1
tensor(19810),1
tensor(19813),1
tensor(19814),1
tensor(19829),1
tensor(19838),1
tensor(19842),1
tensor(19857),1
tensor(19859),1
tensor(19868),1
tensor(19869),1
tensor(19874),1
tensor(19877),1
tensor(19882),1
tensor(19895),1
tensor(19896),1
tensor(19897),1
tensor(19898),1
tensor(19899),1
tensor(19909),1
tensor(19913),1
tensor(19922),1
tensor(19925),1
tensor(19943),1
tensor(19949),1
tensor(19951),1
tensor(19959),1
tensor(19960),1
tensor(19965),1
tensor(19967),1
tensor(19971),1
tensor(19972),1
tensor(19977),1
tensor(19978),1
tensor(19981),1
tensor(19984),1
tensor(20001),1
tensor(20003),1
tensor(20011),1
tensor(20014),1
tensor(20016),1
tensor(20017),1
tensor(20021),1
tensor(20023),1
tensor(20027),1
tensor(20036),1
tensor(20038),1
tensor(20051),1
tensor(20052),1
tensor(20053),1
tensor(20056),1
tensor(20058),1
tensor(20067),1
tensor(20071),1
tensor(20077),1
tensor(20080),1
tensor(20084),1
tensor(20086),1
tensor(20088),0
tensor(20100),0
tensor(20107),0
tensor(20108),0
tensor(20121),0
tensor(20130),0
tensor(20135),0
tensor(20136),0
tensor(20137),0
tensor(20139),0
tensor(20140),0
tensor(20141),0
tensor(20145),0
tensor(20158),0
tensor(20167),0
tensor(20174),0
tensor(20175),0
tensor(20178),0
tensor(20186),0
tensor(20189),0
tensor(20192),0
tensor(20193),0
tensor(20208),0
tensor(20217),0
tensor(20221),0
tensor(20236),0
tensor(20238),0
tensor(20247),0
tensor(20248),0
tensor(20253),0
tensor(20256),0
tensor(20261),0
tensor(20274),0
tensor(20275),0
tensor(20276),0
tensor(20277),0
tensor(20278),0
tensor(20288),0
tensor(20292),0
tensor(20301),0
tensor(20304),0
tensor(20322),0
tensor(20328),0
tensor(20330),0
tensor(20338),0
tensor(20339),0
tensor(20344),0
tensor(20346),0
tensor(20350),0
tensor(20351),0
tensor(20356),0
tensor(20357),0
tensor(20360),0
tensor(20363),0
tensor(20380),0
tensor(20382),0
tensor(20390),0
tensor(20393),0
tensor(20395),0
tensor(20396),0
tensor(20400),0
tensor(20402),0
tensor(20406),0
tensor(20415),0
tensor(20417),0
tensor(20430),0
tensor(20431),0
tensor(20432),0
tensor(20435),0
tensor(20437),0
tensor(20446),0
tensor(20450),0
tensor(20456),0
tensor(20459),0
tensor(20463),0
tensor(20465),0
tensor(20467),1
tensor(20479),1
tensor(20486),1
tensor(20487),1
tensor(20500),1
tensor(20509),1
tensor(20514),1
tensor(20515),1
tensor(20516),1
tensor(20518),1
tensor(20519),1
tensor(20520),1
tensor(20524),1
tensor(20537),1
tensor(20546),1
tensor(20553),1
tensor(20554),1
tensor(20557),1
tensor(20565),1
tensor(20568),1
tensor(20571),1
tensor(20572),1
tensor(20587),1
tensor(20596),1
tensor(20600),1
tensor(20615),1
tensor(20617),1
tensor(20626),1
tensor(20627),1
tensor(20632),1
tensor(20635),1
tensor(20640),1
tensor(20653),1
tensor(20654),1
tensor(20655),1
tensor(20656),1
tensor(20657),1
tensor(20667),1
tensor(20671),1
tensor(20680),1
tensor(20683),1
tensor(20701),1
tensor(20707),1
tensor(20709),1
tensor(20717),1
tensor(20718),1
tensor(20723),1
tensor(20725),1
tensor(20729),1
tensor(20730),1
tensor(20735),1
tensor(20736),1
tensor(20739),1
tensor(20742),1
tensor(20759),1
tensor(20761),1
tensor(20769),1
tensor(20772),1
tensor(20774),1
tensor(20775),1
tensor(20779),1
tensor(20781),1
tensor(20785),1
tensor(20794),1
tensor(20796),1
tensor(20809),1
tensor(20810),1
tensor(20811),1
tensor(20814),1
tensor(20816),1
tensor(20825),1
tensor(20829),1
tensor(20835),1
tensor(20838),1
tensor(20842),1
tensor(20844),1
tensor(20846),1
tensor(20858),1
tensor(20865),1
tensor(20866),1
tensor(20879),1
tensor(20888),1
tensor(20893),1
tensor(20894),1
tensor(20895),1
tensor(20897),1
tensor(20898),1
tensor(20899),1
tensor(20903),1
tensor(20916),1
tensor(20925),1
tensor(20932),1
tensor(20933),1
tensor(20936),1
tensor(20944),1
tensor(20947),1
tensor(20950),1
tensor(20951),1
tensor(20966),1
tensor(20975),1
tensor(20979),1
tensor(20994),1
tensor(20996),1
tensor(21005),1
tensor(21006),1
tensor(21011),1
tensor(21014),1
tensor(21019),1
tensor(21032),1
tensor(21033),1
tensor(21034),1
tensor(21035),1
tensor(21036),1
tensor(21046),1
tensor(21050),1
tensor(21059),1
tensor(21062),1
tensor(21080),1
tensor(21086),1
tensor(21088),1
tensor(21096),1
tensor(21097),1
tensor(21102),1
tensor(21104),1
tensor(21108),1
tensor(21109),1
tensor(21114),1
tensor(21115),1
tensor(21118),1
tensor(21121),1
tensor(21138),1
tensor(21140),1
tensor(21148),1
tensor(21151),1
tensor(21153),1
tensor(21154),1
tensor(21158),1
tensor(21160),1
tensor(21164),1
tensor(21173),1
tensor(21175),1
tensor(21188),1
tensor(21189),1
tensor(21190),1
tensor(21193),1
tensor(21195),1
tensor(21204),1
tensor(21208),1
tensor(21214),1
tensor(21217),1
tensor(21221),1
tensor(21223),1
tensor(21225),0
tensor(21237),0
tensor(21244),0
tensor(21245),0
tensor(21258),0
tensor(21267),0
tensor(21272),0
tensor(21273),0
tensor(21274),0
tensor(21276),0
tensor(21277),0
tensor(21278),0
tensor(21282),0
tensor(21295),0
tensor(21304),0
tensor(21311),0
tensor(21312),0
tensor(21315),0
tensor(21323),0
tensor(21326),0
tensor(21329),0
tensor(21330),0
tensor(21345),0
tensor(21354),0
tensor(21358),0
tensor(21373),0
tensor(21375),0
tensor(21384),0
tensor(21385),0
tensor(21390),0
tensor(21393),0
tensor(21398),0
tensor(21411),0
tensor(21412),0
tensor(21413),0
tensor(21414),0
tensor(21415),0
tensor(21425),0
tensor(21429),0
tensor(21438),0
tensor(21441),0
tensor(21459),0
tensor(21465),0
tensor(21467),0
tensor(21475),0
tensor(21476),0
tensor(21481),0
tensor(21483),0
tensor(21487),0
tensor(21488),0
tensor(21493),0
tensor(21494),0
tensor(21497),0
tensor(21500),0
tensor(21517),0
tensor(21519),0
tensor(21527),0
tensor(21530),0
tensor(21532),0
tensor(21533),0
tensor(21537),0
tensor(21539),0
tensor(21543),0
tensor(21552),0
tensor(21554),0
tensor(21567),0
tensor(21568),0
tensor(21569),0
tensor(21572),0
tensor(21574),0
tensor(21583),0
tensor(21587),0
tensor(21593),0
tensor(21596),0
tensor(21600),0
tensor(21602),0
tensor(21604),0
tensor(21616),0
tensor(21623),0
tensor(21624),0
tensor(21637),0
tensor(21646),0
tensor(21651),0
tensor(21652),0
tensor(21653),0
tensor(21655),0
tensor(21656),0
tensor(21657),0
tensor(21661),0
tensor(21674),0
tensor(21683),0
tensor(21690),0
tensor(21691),0
tensor(21694),0
tensor(21702),0
tensor(21705),0
tensor(21708),0
tensor(21709),0
tensor(21724),0
tensor(21733),0
tensor(21737),0
tensor(21752),0
tensor(21754),0
tensor(21763),0
tensor(21764),0
tensor(21769),0
tensor(21772),0
tensor(21777),0
tensor(21790),0
tensor(21791),0
tensor(21792),0
tensor(21793),0
tensor(21794),0
tensor(21804),0
tensor(21808),0
tensor(21817),0
tensor(21820),0
tensor(21838),0
tensor(21844),0
tensor(21846),0
tensor(21854),0
tensor(21855),0
tensor(21860),0
tensor(21862),0
tensor(21866),0
tensor(21867),0
tensor(21872),0
tensor(21873),0
tensor(21876),0
tensor(21879),0
tensor(21896),0
tensor(21898),0
tensor(21906),0
tensor(21909),0
tensor(21911),0
tensor(21912),0
tensor(21916),0
tensor(21918),0
tensor(21922),0
tensor(21931),0
tensor(21933),0
tensor(21946),0
tensor(21947),0
tensor(21948),0
tensor(21951),0
tensor(21953),0
tensor(21962),0
tensor(21966),0
tensor(21972),0
tensor(21975),0
tensor(21979),0
tensor(21981),0
tensor(21983),0
tensor(21995),0
tensor(22002),0
tensor(22003),0
tensor(22016),0
tensor(22025),0
tensor(22030),0
tensor(22031),0
tensor(22032),0
tensor(22034),0
tensor(22035),0
tensor(22036),0
tensor(22040),0
tensor(22053),0
tensor(22062),0
tensor(22069),0
tensor(22070),0
tensor(22073),0
tensor(22081),0
tensor(22084),0
tensor(22087),0
tensor(22088),0
tensor(22103),0
tensor(22112),0
tensor(22116),0
tensor(22131),0
tensor(22133),0
tensor(22142),0
tensor(22143),0
tensor(22148),0
tensor(22151),0
tensor(22156),0
tensor(22169),0
tensor(22170),0
tensor(22171),0
tensor(22172),0
tensor(22173),0
tensor(22183),0
tensor(22187),0
tensor(22196),0
tensor(22199),0
tensor(22217),0
tensor(22223),0
tensor(22225),0
tensor(22233),0
tensor(22234),0
tensor(22239),0
tensor(22241),0
tensor(22245),0
tensor(22246),0
tensor(22251),0
tensor(22252),0
tensor(22255),0
tensor(22258),0
tensor(22275),0
tensor(22277),0
tensor(22285),0
tensor(22288),0
tensor(22290),0
tensor(22291),0
tensor(22295),0
tensor(22297),0
tensor(22301),0
tensor(22310),0
tensor(22312),0
tensor(22325),0
tensor(22326),0
tensor(22327),0
tensor(22330),0
tensor(22332),0
tensor(22341),0
tensor(22345),0
tensor(22351),0
tensor(22354),0
tensor(22358),0
tensor(22360),0
tensor(22362),1
tensor(22374),1
tensor(22381),1
tensor(22382),1
tensor(22395),1
tensor(22404),1
tensor(22409),1
tensor(22410),1
tensor(22411),1
tensor(22413),1
tensor(22414),1
tensor(22415),1
tensor(22419),1
tensor(22432),1
tensor(22441),1
tensor(22448),1
tensor(22449),1
tensor(22452),1
tensor(22460),1
tensor(22463),1
tensor(22466),1
tensor(22467),1
tensor(22482),1
tensor(22491),1
tensor(22495),1
tensor(22510),1
tensor(22512),1
tensor(22521),1
tensor(22522),1
tensor(22527),1
tensor(22530),1
tensor(22535),1
tensor(22548),1
tensor(22549),1
tensor(22550),1
tensor(22551),1
tensor(22552),1
tensor(22562),1
tensor(22566),1
tensor(22575),1
tensor(22578),1
tensor(22596),1
tensor(22602),1
tensor(22604),1
tensor(22612),1
tensor(22613),1
tensor(22618),1
tensor(22620),1
tensor(22624),1
tensor(22625),1
tensor(22630),1
tensor(22631),1
tensor(22634),1
tensor(22637),1
tensor(22654),1
tensor(22656),1
tensor(22664),1
tensor(22667),1
tensor(22669),1
tensor(22670),1
tensor(22674),1
tensor(22676),1
tensor(22680),1
tensor(22689),1
tensor(22691),1
tensor(22704),1
tensor(22705),1
tensor(22706),1
tensor(22709),1
tensor(22711),1
tensor(22720),1
tensor(22724),1
tensor(22730),1
tensor(22733),1
tensor(22737),1
tensor(22739),1
tensor(22741),1
tensor(22753),1
tensor(22760),1
tensor(22761),1
tensor(22774),1
tensor(22783),1
tensor(22788),1
tensor(22789),1
tensor(22790),1
tensor(22792),1
tensor(22793),1
tensor(22794),1
tensor(22798),1
tensor(22811),1
tensor(22820),1
tensor(22827),1
tensor(22828),1
tensor(22831),1
tensor(22839),1
tensor(22842),1
tensor(22845),1
tensor(22846),1
tensor(22861),1
tensor(22870),1
tensor(22874),1
tensor(22889),1
tensor(22891),1
tensor(22900),1
tensor(22901),1
tensor(22906),1
tensor(22909),1
tensor(22914),1
tensor(22927),1
tensor(22928),1
tensor(22929),1
tensor(22930),1
tensor(22931),1
tensor(22941),1
tensor(22945),1
tensor(22954),1
tensor(22957),1
tensor(22975),1
tensor(22981),1
tensor(22983),1
tensor(22991),1
tensor(22992),1
tensor(22997),1
tensor(22999),1
tensor(23003),1
tensor(23004),1
tensor(23009),1
tensor(23010),1
tensor(23013),1
tensor(23016),1
tensor(23033),1
tensor(23035),1
tensor(23043),1
tensor(23046),1
tensor(23048),1
tensor(23049),1
tensor(23053),1
tensor(23055),1
tensor(23059),1
tensor(23068),1
tensor(23070),1
tensor(23083),1
tensor(23084),1
tensor(23085),1
tensor(23088),1
tensor(23090),1
tensor(23099),1
tensor(23103),1
tensor(23109),1
tensor(23112),1
tensor(23116),1
tensor(23118),1
tensor(23120),0
tensor(23132),0
tensor(23139),0
tensor(23140),0
tensor(23153),0
tensor(23162),0
tensor(23167),0
tensor(23168),0
tensor(23169),0
tensor(23171),0
tensor(23172),0
tensor(23173),0
tensor(23177),0
tensor(23190),0
tensor(23199),0
tensor(23206),0
tensor(23207),0
tensor(23210),0
tensor(23218),0
tensor(23221),0
tensor(23224),0
tensor(23225),0
tensor(23240),0
tensor(23249),0
tensor(23253),0
tensor(23268),0
tensor(23270),0
tensor(23279),0
tensor(23280),0
tensor(23285),0
tensor(23288),0
tensor(23293),0
tensor(23306),0
tensor(23307),0
tensor(23308),0
tensor(23309),0
tensor(23310),0
tensor(23320),0
tensor(23324),0
tensor(23333),0
tensor(23336),0
tensor(23354),0
tensor(23360),0
tensor(23362),0
tensor(23370),0
tensor(23371),0
tensor(23376),0
tensor(23378),0
tensor(23382),0
tensor(23383),0
tensor(23388),0
tensor(23389),0
tensor(23392),0
tensor(23395),0
tensor(23412),0
tensor(23414),0
tensor(23422),0
tensor(23425),0
tensor(23427),0
tensor(23428),0
tensor(23432),0
tensor(23434),0
tensor(23438),0
tensor(23447),0
tensor(23449),0
tensor(23462),0
tensor(23463),0
tensor(23464),0
tensor(23467),0
tensor(23469),0
tensor(23478),0
tensor(23482),0
tensor(23488),0
tensor(23491),0
tensor(23495),0
tensor(23497),0
tensor(23499),1
tensor(23511),1
tensor(23518),1
tensor(23519),1
tensor(23532),1
tensor(23541),1
tensor(23546),1
tensor(23547),1
tensor(23548),1
tensor(23550),1
tensor(23551),1
tensor(23552),1
tensor(23556),1
tensor(23569),1
tensor(23578),1
tensor(23585),1
tensor(23586),1
tensor(23589),1
tensor(23597),1
tensor(23600),1
tensor(23603),1
tensor(23604),1
tensor(23619),1
tensor(23628),1
tensor(23632),1
tensor(23647),1
tensor(23649),1
tensor(23658),1
tensor(23659),1
tensor(23664),1
tensor(23667),1
tensor(23672),1
tensor(23685),1
tensor(23686),1
tensor(23687),1
tensor(23688),1
tensor(23689),1
tensor(23699),1
tensor(23703),1
tensor(23712),1
tensor(23715),1
tensor(23733),1
tensor(23739),1
tensor(23741),1
tensor(23749),1
tensor(23750),1
tensor(23755),1
tensor(23757),1
tensor(23761),1
tensor(23762),1
tensor(23767),1
tensor(23768),1
tensor(23771),1
tensor(23774),1
tensor(23791),1
tensor(23793),1
tensor(23801),1
tensor(23804),1
tensor(23806),1
tensor(23807),1
tensor(23811),1
tensor(23813),1
tensor(23817),1
tensor(23826),1
tensor(23828),1
tensor(23841),1
tensor(23842),1
tensor(23843),1
tensor(23846),1
tensor(23848),1
tensor(23857),1
tensor(23861),1
tensor(23867),1
tensor(23870),1
tensor(23874),1
tensor(23876),1
tensor(23878),1
tensor(23890),1
tensor(23897),1
tensor(23898),1
tensor(23911),1
tensor(23920),1
tensor(23925),1
tensor(23926),1
tensor(23927),1
tensor(23929),1
tensor(23930),1
tensor(23931),1
tensor(23935),1
tensor(23948),1
tensor(23957),1
tensor(23964),1
tensor(23965),1
tensor(23968),1
tensor(23976),1
tensor(23979),1
tensor(23982),1
tensor(23983),1
tensor(23998),1
tensor(24007),1
tensor(24011),1
tensor(24026),1
tensor(24028),1
tensor(24037),1
tensor(24038),1
tensor(24043),1
tensor(24046),1
tensor(24051),1
tensor(24064),1
tensor(24065),1
tensor(24066),1
tensor(24067),1
tensor(24068),1
tensor(24078),1
tensor(24082),1
tensor(24091),1
tensor(24094),1
tensor(24112),1
tensor(24118),1
tensor(24120),1
tensor(24128),1
tensor(24129),1
tensor(24134),1
tensor(24136),1
tensor(24140),1
tensor(24141),1
tensor(24146),1
tensor(24147),1
tensor(24150),1
tensor(24153),1
tensor(24170),1
tensor(24172),1
tensor(24180),1
tensor(24183),1
tensor(24185),1
tensor(24186),1
tensor(24190),1
tensor(24192),1
tensor(24196),1
tensor(24205),1
tensor(24207),1
tensor(24220),1
tensor(24221),1
tensor(24222),1
tensor(24225),1
tensor(24227),1
tensor(24236),1
tensor(24240),1
tensor(24246),1
tensor(24249),1
tensor(24253),1
tensor(24255),1
tensor(24257),1
tensor(24269),1
tensor(24276),1
tensor(24277),1
tensor(24290),1
tensor(24299),1
tensor(24304),1
tensor(24305),1
tensor(24306),1
tensor(24308),1
tensor(24309),1
tensor(24310),1
tensor(24314),1
tensor(24327),1
tensor(24336),1
tensor(24343),1
tensor(24344),1
tensor(24347),1
tensor(24355),1
tensor(24358),1
tensor(24361),1
tensor(24362),1
tensor(24377),1
tensor(24386),1
tensor(24390),1
tensor(24405),1
tensor(24407),1
tensor(24416),1
tensor(24417),1
tensor(24422),1
tensor(24425),1
tensor(24430),1
tensor(24443),1
tensor(24444),1
tensor(24445),1
tensor(24446),1
tensor(24447),1
tensor(24457),1
tensor(24461),1
tensor(24470),1
tensor(24473),1
tensor(24491),1
tensor(24497),1
tensor(24499),1
tensor(24507),1
tensor(24508),1
tensor(24513),1
tensor(24515),1
tensor(24519),1
tensor(24520),1
tensor(24525),1
tensor(24526),1
tensor(24529),1
tensor(24532),1
tensor(24549),1
tensor(24551),1
tensor(24559),1
tensor(24562),1
tensor(24564),1
tensor(24565),1
tensor(24569),1
tensor(24571),1
tensor(24575),1
tensor(24584),1
tensor(24586),1
tensor(24599),1
tensor(24600),1
tensor(24601),1
tensor(24604),1
tensor(24606),1
tensor(24615),1
tensor(24619),1
tensor(24625),1
tensor(24628),1
tensor(24632),1
tensor(24634),1
tensor(24636),1
tensor(24648),1
tensor(24655),1
tensor(24656),1
tensor(24669),1
tensor(24678),1
tensor(24683),1
tensor(24684),1
tensor(24685),1
tensor(24687),1
tensor(24688),1
tensor(24689),1
tensor(24693),1
tensor(24706),1
tensor(24715),1
tensor(24722),1
tensor(24723),1
tensor(24726),1
tensor(24734),1
tensor(24737),1
tensor(24740),1
tensor(24741),1
tensor(24756),1
tensor(24765),1
tensor(24769),1
tensor(24784),1
tensor(24786),1
tensor(24795),1
tensor(24796),1
tensor(24801),1
tensor(24804),1
tensor(24809),1
tensor(24822),1
tensor(24823),1
tensor(24824),1
tensor(24825),1
tensor(24826),1
tensor(24836),1
tensor(24840),1
tensor(24849),1
tensor(24852),1
tensor(24870),1
tensor(24876),1
tensor(24878),1
tensor(24886),1
tensor(24887),1
tensor(24892),1
tensor(24894),1
tensor(24898),1
tensor(24899),1
tensor(24904),1
tensor(24905),1
tensor(24908),1
tensor(24911),1
tensor(24928),1
tensor(24930),1
tensor(24938),1
tensor(24941),1
tensor(24943),1
tensor(24944),1
tensor(24948),1
tensor(24950),1
tensor(24954),1
tensor(24963),1
tensor(24965),1
tensor(24978),1
tensor(24979),1
tensor(24980),1
tensor(24983),1
tensor(24985),1
tensor(24994),1
tensor(24998),1
tensor(25004),1
tensor(25007),1
tensor(25011),1
tensor(25013),1
tensor(25015),0
tensor(25027),0
tensor(25034),0
tensor(25035),0
tensor(25048),0
tensor(25057),0
tensor(25062),0
tensor(25063),0
tensor(25064),0
tensor(25066),0
tensor(25067),0
tensor(25068),0
tensor(25072),0
tensor(25085),0
tensor(25094),0
tensor(25101),0
tensor(25102),0
tensor(25105),0
tensor(25113),0
tensor(25116),0
tensor(25119),0
tensor(25120),0
tensor(25135),0
tensor(25144),0
tensor(25148),0
tensor(25163),0
tensor(25165),0
tensor(25174),0
tensor(25175),0
tensor(25180),0
tensor(25183),0
tensor(25188),0
tensor(25201),0
tensor(25202),0
tensor(25203),0
tensor(25204),0
tensor(25205),0
tensor(25215),0
tensor(25219),0
tensor(25228),0
tensor(25231),0
tensor(25249),0
tensor(25255),0
tensor(25257),0
tensor(25265),0
tensor(25266),0
tensor(25271),0
tensor(25273),0
tensor(25277),0
tensor(25278),0
tensor(25283),0
tensor(25284),0
tensor(25287),0
tensor(25290),0
tensor(25307),0
tensor(25309),0
tensor(25317),0
tensor(25320),0
tensor(25322),0
tensor(25323),0
tensor(25327),0
tensor(25329),0
tensor(25333),0
tensor(25342),0
tensor(25344),0
tensor(25357),0
tensor(25358),0
tensor(25359),0
tensor(25362),0
tensor(25364),0
tensor(25373),0
tensor(25377),0
tensor(25383),0
tensor(25386),0
tensor(25390),0
tensor(25392),0
tensor(25394),1
tensor(25406),1
tensor(25413),1
tensor(25414),1
tensor(25427),1
tensor(25436),1
tensor(25441),1
tensor(25442),1
tensor(25443),1
tensor(25445),1
tensor(25446),1
tensor(25447),1
tensor(25451),1
tensor(25464),1
tensor(25473),1
tensor(25480),1
tensor(25481),1
tensor(25484),1
tensor(25492),1
tensor(25495),1
tensor(25498),1
tensor(25499),1
tensor(25514),1
tensor(25523),1
tensor(25527),1
tensor(25542),1
tensor(25544),1
tensor(25553),1
tensor(25554),1
tensor(25559),1
tensor(25562),1
tensor(25567),1
tensor(25580),1
tensor(25581),1
tensor(25582),1
tensor(25583),1
tensor(25584),1
tensor(25594),1
tensor(25598),1
tensor(25607),1
tensor(25610),1
tensor(25628),1
tensor(25634),1
tensor(25636),1
tensor(25644),1
tensor(25645),1
tensor(25650),1
tensor(25652),1
tensor(25656),1
tensor(25657),1
tensor(25662),1
tensor(25663),1
tensor(25666),1
tensor(25669),1
tensor(25686),1
tensor(25688),1
tensor(25696),1
tensor(25699),1
tensor(25701),1
tensor(25702),1
tensor(25706),1
tensor(25708),1
tensor(25712),1
tensor(25721),1
tensor(25723),1
tensor(25736),1
tensor(25737),1
tensor(25738),1
tensor(25741),1
tensor(25743),1
tensor(25752),1
tensor(25756),1
tensor(25762),1
tensor(25765),1
tensor(25769),1
tensor(25771),1
